temp_h,temp_p,hunidity,pressure,pitch,roll,yaw,mag_x,mag_y,mag_z,accel_x,accel_y,accel_z,gyro_x,gyro_y,gyro_z,timestamp
37.192741394,37.9979171753,14.2242660522,1002.17431641,0.484485968479,2.39752382439,137.502950484,-3.24357914925,-2.6938970089,5.67067527771,-0.00987342558801,0.0371472612023,0.993064701557,-0.00731804966927,-0.00517570972443,-0.000983290956356,2019-01-16 13:01:44.666636
37.2110786438,38.0,14.1681995392,1002.16357422,0.469144349747,2.35396728117,137.523632297,-6.37093925476,-5.31300783157,11.812833786,-0.00468987738714,0.0332625806332,0.991115033627,0.00412342697382,0.00344644743018,-0.00010247179307,2019-01-16 13:01:44.724816
37.2110786438,38.0062484741,14.1681995392,1002.16137695,0.46598752169,2.31383266272,137.591688301,-7.8389043808,-6.17710924149,14.0451488495,0.0164863225073,0.0269499775022,0.890711963177,0.0270308721811,0.0391820631921,0.00020296080038,2019-01-16 13:01:44.784680
37.1560630798,38.0,13.7441959381,1002.16333008,0.438277364186,2.28153483257,137.71510982,-8.36122226715,-6.65587759018,15.1540670395,-0.00765190506354,0.055113915354,0.976005911827,-0.00435094535351,-0.00575190410018,0.00050063803792,2019-01-16 13:01:44.842104
37.1560630798,38.0104179382,14.0840997696,1002.16552734,0.461530022844,2.30430881769,137.724385217,-8.33324241638,-7.03453302383,15.7560157776,-0.0204873606563,0.0284067299217,1.01572847366,-0.00330657884479,-0.030377689749,-9.97153110802e-05,2019-01-16 13:01:44.895981
37.1560630798,38.0041656494,14.0840997696,1002.16259766,0.450269922388,2.25541341442,137.682816685,-8.34980773926,-7.04435682297,16.0133533478,-0.00370253482834,0.0344765484333,0.979661285877,-0.0152537636459,-0.00855367444456,0.000203907489777,2019-01-16 13:01:44.963016
37.2294158936,38.0104179382,14.0911083221,1002.1628418,0.415900063639,2.19251655023,137.624568832,-8.55690670013,-7.01621055603,15.4389705658,-0.00814557634294,0.0332625806332,0.998426020145,0.0246960297227,0.0138378981501,0.00237482297234,2019-01-16 13:01:45.020566
37.247756958,38.0145835876,14.311870575,1002.17041016,0.459149435114,2.24534998445,137.669142647,-8.46970272064,-7.08745765686,15.4438734055,-0.0103670973331,0.0456450022757,0.982585668564,-0.00662171840668,-0.00392341380939,0.00168146716896,2019-01-16 13:01:45.078082
37.2660903931,38.0083312988,13.6390705109,1002.17407227,0.47246110028,2.2588462248,137.614596756,-8.56051254272,-6.96145963669,15.2681779861,-0.008639248088,0.0315630324185,0.994039416313,-0.013584535569,-0.0173740945756,0.00159151549451,2019-01-16 13:01:45.132011
37.2660903931,38.0083312988,13.6390705109,1002.17407227,0.437574495032,2.1864673505,137.71151714,-8.77499485016,-7.07685518265,15.4624156952,-0.00172784959432,0.0254932194948,0.996476471424,0.0136905573308,0.0030267869588,0.00149719638284,2019-01-16 13:01:45.188362
37.2660903931,38.0062484741,14.5992116928,1002.18164062,0.426020776483,2.16304577806,137.853147943,-8.51268577576,-6.62366008759,15.9256391525,-0.0120949465781,0.0424887016416,0.992089867592,0.0145914182067,0.00558628235012,0.000212829443626,2019-01-16 13:01:45.245791
37.2110786438,38.0104179382,13.3517303467,1002.18530273,0.472532550462,2.24168046532,137.879744699,-8.43853282928,-6.93664121628,15.7878427505,-0.00814557634294,0.043945454061,0.993064701557,-0.0131257176399,-0.00740754185244,-0.000170646235347,2019-01-16 13:01:45.299697
37.2110786438,38.0145835876,13.3517303467,1002.19360352,0.463318465189,2.22596868235,137.879744699,-8.37333965302,-6.69734668732,16.2875385284,-0.0039493702352,0.0279211476445,0.991358757019,-0.00829521939158,-0.00219708587974,0.00248889648356,2019-01-16 13:01:45.366631
37.2294158936,38.0062484741,14.367937088,1002.19775391,0.43564736783,2.15805568454,137.989096028,-8.63262653351,-6.76479721069,16.5976009369,-0.00543038407341,0.0335053727031,0.995501637459,0.0207153689116,0.0119669772685,0.000583420041949,2019-01-16 13:01:45.424526
37.3577842712,38.0104179382,14.1366624832,1002.2019043,0.468997073793,2.2124528052,138.086986299,-8.54333782196,-6.74115133286,16.2874031067,-0.00987342558801,0.0446738339961,0.992820978165,-0.0122278295457,-0.0064453156665,0.000239663175307,2019-01-16 13:01:45.492471
37.1193847656,38.0145835876,13.5444583893,1002.20825195,0.463277590776,2.20672654535,138.094690753,-8.36468219757,-6.8712015152,15.9676275253,-0.00370253482834,0.0315630324185,0.995989024639,-0.00360554084182,0.0722695812583,0.00172023440246,2019-01-16 13:01:45.555719
37.1193847656,38.0229187012,13.5444583893,1002.22119141,0.507565978097,2.16850736808,138.1425977,-8.46324157715,-6.90599298477,15.9303674698,-0.0128354532644,0.0359333008528,0.993308365345,0.00913364812732,0.00208189617842,0.00104194739833,2019-01-16 13:01:45.629966
37.2294158936,38.0104179382,14.6062192917,1002.23022461,0.521061524763,2.20703817273,138.097013017,-8.47761154175,-7.07969093323,15.6163635254,-0.00839241221547,0.0361760929227,0.992333590984,-0.00647259131074,-0.00438459590077,0.000107153551653,2019-01-16 13:01:45.708076
37.1744003296,38.0125007629,15.8992547989,1002.23413086,0.489046400411,2.16618489032,138.166831211,-8.83543682098,-7.14503908157,15.6429624557,-0.0027151920367,0.0315630324185,0.993064701557,0.00848501175642,0.00823317654431,8.51566437632e-05,2019-01-16 13:01:45.783279
37.2294158936,38.0229187012,14.9671478271,1002.24023438,0.489027510669,2.17504706076,138.168019664,-8.49763393402,-7.26984167099,15.834444046,-0.0123417824507,0.0410319454968,0.993308365345,-0.000442903488874,-0.00376358255744,0.00127076241188,2019-01-16 13:01:45.858454
37.2844314575,38.0166664124,14.5606651306,1002.25390625,0.376506547395,2.17928796791,138.039994598,-8.24246311188,-6.90729093552,15.4042634964,-0.00370253482834,0.0327770002186,0.994526803493,-0.00212441757321,-0.0013178801164,-1.39041803777e-05,2019-01-16 13:01:45.935430
37.2110786438,38.0187492371,14.098115921,1002.25683594,0.438685494669,2.15029466866,138.062916713,-8.31189155579,-6.84223365784,15.7614307404,-0.00987342558801,0.0344765484333,0.992577254772,0.00156091153622,-0.000463662203401,0.000272671459243,2019-01-16 13:01:46.010433
37.247756958,38.0187492371,15.94480896,1002.26416016,0.437205824899,2.15642561721,138.079609695,-8.71982574463,-7.37902879715,15.7039337158,-0.00493671279401,0.0364188887179,0.983804166317,0.00439541041851,-0.0809468850493,0.0014708742965,2019-01-16 13:01:46.085607
37.2294158936,38.0250015259,13.0363559723,1002.26660156,0.293779242807,2.18340849297,137.985298443,-8.3996925354,-7.43097543716,15.2225542068,-0.0170316584408,0.0242792572826,0.981123507023,0.00188689306378,-0.0207756012678,0.000225698342547,2019-01-16 13:01:46.160806
37.2660903931,38.0187492371,13.3342094421,1002.26782227,0.223718403973,2.1511936923,137.832712017,-8.68019104004,-7.48570013046,15.7117595673,-0.027151921764,0.030106279999,0.98453527689,0.0247868429869,0.00763603067026,0.00171753042378,2019-01-16 13:01:46.235931
37.1377258301,38.0250015259,13.8247909546,1002.27026367,0.293102520471,2.16941727734,137.761841974,-8.87182617188,-7.51674842834,15.5105075836,-0.00345569918863,0.0342337526381,0.998669683933,0.0120364800096,0.0101285129786,-0.000142260920256,2019-01-16 13:01:46.310949
37.1744003296,38.0166664124,15.8221635818,1002.26245117,0.288291932861,2.14131318334,137.727513443,-8.48571586609,-7.38820695877,15.6748132706,-0.00839241221547,0.0339909605682,0.999400794506,0.00929564982653,0.00126368715428,0.000437971670181,2019-01-16 13:01:46.389903
37.247756958,38.0125007629,13.6776161194,1002.26586914,0.314697417512,2.14163036025,137.600512906,-8.29617595673,-7.1537566185,15.892455101,-0.0103670973331,0.0381184332073,0.991602480412,0.00454274564981,-0.00126570975408,-0.000471953768283,2019-01-16 13:01:46.465019
37.2294158936,38.0291671753,15.8151550293,1002.26904297,0.324367204468,2.14750752459,137.511925352,-8.18791389465,-7.2803311348,15.4719762802,-0.00617089122534,0.0339909605682,0.994039416313,-0.00182202830911,-0.0790253579617,0.00161649868824,2019-01-16 13:01:46.540192
37.192741394,38.0166664124,14.476565361,1002.25952148,0.323237768656,2.11779257316,137.35010451,-8.08314037323,-7.45888328552,15.5021181107,-0.00839241221547,0.0376328490674,0.991602480412,0.00500199571252,0.00210743420757,9.8115997389e-05,2019-01-16 13:01:46.615232
37.1377258301,38.0187492371,14.2417869568,1002.25585938,0.344685016217,2.13422366043,137.179008272,-8.23318576813,-7.35943222046,15.5730953217,-0.00691139837727,0.0373900532722,0.991602480412,-0.00887083262205,-0.00366582442075,0.000677561853081,2019-01-16 13:01:46.690295
37.1377258301,38.0229187012,14.2417869568,1002.26831055,0.34499176108,2.12159485409,137.062498905,-8.35841369629,-7.2925825119,15.476234436,-0.00839241221547,0.0339909605682,0.987459659576,0.00657793134451,0.00383256189525,6.70349691063e-05,2019-01-16 13:01:46.768662
37.1193847656,38.0229187012,16.0884799957,1002.26831055,0.364416312151,2.13097206349,137.018867656,-8.59816265106,-7.42881774902,15.420592308,-0.00740506965667,0.0378756411374,0.993552088737,-0.00320763885975,0.00135255046189,0.00152435153723,2019-01-16 13:01:46.843038
37.1744003296,38.0145835876,12.3705654144,1002.27270508,0.37245829961,2.1256492117,137.006873844,-8.57899284363,-7.65138959885,15.9078788757,-0.00765190506354,0.0344765484333,0.987947046757,-0.000133499503136,0.000442313496023,0.000297332648188,2019-01-16 13:01:46.918330
37.1193847656,38.0166664124,12.4406471252,1002.27026367,0.375195951487,2.12964465892,136.929788329,-8.68579769135,-7.38542413712,16.0128765106,-0.00888608302921,0.0369044728577,0.991602480412,0.000987615436316,-0.00115841021761,-0.000592438271269,2019-01-16 13:01:46.993525
37.1744003296,38.0166664124,14.388961792,1002.27148438,0.384623346769,2.1329530318,136.965879049,-8.73613166809,-7.08859586716,16.1654224396,-0.00666456250474,0.0352049209177,0.987215936184,1.90362334251e-05,0.00268683908507,0.00122859538533,2019-01-16 13:01:47.068724
37.1744003296,38.0145835876,13.3727550507,1002.27783203,0.46312705981,2.1320911473,137.073959962,-8.51590442657,-6.9776763916,16.0095672607,-0.0096265906468,0.0366616807878,0.999157071114,-0.00167559459805,-0.00754613336176,0.00209387461655,2019-01-16 13:01:47.143936
37.192741394,38.0145835876,14.7849321365,1002.27612305,0.449409585357,2.12309642849,137.160320874,-8.439412117,-7.11893892288,16.3284664154,-0.00715823378414,0.0364188887179,0.991115033627,-0.00497696176171,-0.000210603233427,0.000588864088058,2019-01-16 13:01:47.218921
37.1193847656,38.0187492371,13.8212871552,1002.27539062,0.451835796617,2.11546902818,137.12118389,-9.0893535614,-7.26418972015,16.2112636566,-0.00789874047041,0.0376328490674,0.992820978165,-6.65634870529e-05,-0.00011765351519,0.00114640593529,2019-01-16 13:01:47.297920
37.1377258301,38.0187492371,14.2943496704,1002.27905273,0.439076416278,2.10662820207,137.203364726,-8.67257213593,-7.53491449356,16.1379299164,-0.00468987738714,0.0366616807878,0.988678097725,0.001803021878,-0.000612292904407,0.00139662227593,2019-01-16 13:01:47.374173
37.2110786438,38.0145835876,16.4634246826,1002.27807617,0.435644539704,2.10847278004,137.170593479,-8.16455936432,-7.32596206665,15.9917736053,-0.00641772663221,0.0386040210724,0.990384042263,-0.000648342072964,0.000945067498833,0.0013498228509,2019-01-16 13:01:47.449312
37.2110786438,38.0187492371,15.6644763947,1002.27587891,0.429433203026,2.10651849216,137.040246149,-8.48151874542,-7.29235076904,15.9897480011,-0.00715823378414,0.0352049209177,0.995014250278,0.00154116749763,-0.00137561163865,-0.000205417396501,2019-01-16 13:01:47.524450
37.321105957,38.0187492371,14.4485321045,1002.26782227,0.42816401514,2.1043725321,137.034481469,-8.60003948212,-7.55763959885,16.0331821442,-0.008639248088,0.0364188887179,0.992089867592,-0.00338912010193,-0.00264973263256,-0.000211803941056,2019-01-16 13:01:47.600034
37.302772522,38.0187492371,12.1673240662,1002.2668457,0.425884679628,2.09749858703,136.981752409,-8.7981967926,-7.65480661392,16.054309845,-0.00987342558801,0.0361760929227,0.999157071114,0.00101030245423,-0.00223193271086,0.000122228171676,2019-01-16 13:01:47.675398
37.2110786438,38.0250015259,13.9754705429,1002.25439453,0.420061222989,2.09602540061,136.936481915,-8.66111373901,-7.61523580551,15.9209060669,-0.00740506965667,0.0359333008528,0.988190710545,0.00248688086867,0.00273591186851,-0.00137777428608,2019-01-16 13:01:47.750704
37.247756958,38.0291671753,14.1471748352,1002.24658203,0.353384649507,2.09442222714,136.923477235,-8.62756347656,-7.36807012558,15.6415596008,-0.00493671279401,0.0342337526381,0.994039416313,-0.00437131524086,0.000652469345368,0.000439554918557,2019-01-16 13:01:47.825826
37.247756958,38.0270843506,14.1471748352,1002.24658203,0.297146472707,2.08706846128,136.975277389,-9.05239295959,-7.218542099,16.0503063202,-0.00567721994594,0.0390896052122,0.991115033627,5.66840171814e-05,0.00350367743522,0.00068647833541,2019-01-16 13:01:47.900235
37.2844314575,38.0208320618,11.5540943146,1002.2421875,0.315509222847,2.09170658662,137.084492114,-9.30906963348,-7.35085582733,15.9136199951,-0.00370253482834,0.0376328490674,0.995014250278,-0.00519386678934,0.00130009953864,0.0012964992784,2019-01-16 13:01:47.978401
37.2294158936,38.0250015259,11.806394577,1002.22949219,0.333213153217,2.08183098685,137.23128654,-9.29002666473,-7.49725961685,15.9334564209,-0.00543038407341,0.0373900532722,0.990384042263,0.000180203467607,0.00268205325119,-0.000816392246634,2019-01-16 13:01:48.053633
37.2660903931,38.0187492371,16.0744628906,1002.23193359,0.348472782999,2.08851795549,137.333192962,-8.63798046112,-7.145652771,15.9186286926,-0.00592405535281,0.0378756411374,0.995745360851,-0.00520040094852,-0.00347510143183,0.00126982457004,2019-01-16 13:01:48.128852
37.247756958,38.0250015259,15.3596143723,1002.21875,0.422119697931,2.07970957278,137.365745644,-8.75359344482,-7.21841096878,16.0508308411,-0.00592405535281,0.0352049209177,0.992333590984,0.00415024161339,0.00101426267065,0.000660341698676,2019-01-16 13:01:48.206030
37.2110786438,38.0291671753,14.3328952789,1002.21435547,0.428109747152,2.09271702773,137.423119233,-8.72641944885,-7.25873422623,15.8644285202,-0.00691139837727,0.0386040210724,0.991358757019,-0.00315959379077,0.00128853460774,-0.000839693006128,2019-01-16 13:01:48.275384
37.247756958,38.0291671753,12.5773105621,1002.20141602,0.432440487293,2.09194756423,137.445016819,-8.75730419159,-7.07980298996,16.0241222382,-0.00666456250474,0.0361760929227,0.996720075607,-0.0017855130136,0.000708440085873,8.10879282653e-05,2019-01-16 13:01:48.343436
37.192741394,38.0333328247,12.8891811371,1002.19506836,0.426597340499,2.07879603498,137.463212443,-8.71761894226,-7.49184656143,16.1369895935,-0.00937975477427,0.0371472612023,0.992089867592,0.00237540155649,7.18331430107e-05,-0.00138156709727,2019-01-16 13:01:48.401079
37.247756958,38.0374984741,14.1576871872,1002.18774414,0.428867577985,2.08950833292,137.423665648,-8.94043731689,-7.58384799957,16.5034046173,-0.0103670973331,0.0381184332073,0.993552088737,-0.000703312456608,-0.000204498646781,0.000106275547296,2019-01-16 13:01:48.458697
37.247756958,38.0229187012,14.1576871872,1002.17919922,0.430636623661,2.09139944155,137.390935381,-8.88532352448,-7.6680932045,16.3734321594,-0.00592405535281,0.0354477129877,0.995014250278,-0.0017394721508,-0.000407450599596,-0.000206037191674,2019-01-16 13:01:48.512681
37.2660903931,38.0250015259,14.7323694229,1002.17626953,0.424111631889,2.07550473757,137.371237116,-9.02547550201,-7.26626443863,15.7869882584,-0.00715823378414,0.0364188887179,0.996720075607,0.00162241607904,0.00168147892691,9.76740848273e-05,2019-01-16 13:01:48.577164
37.302772522,38.03125,14.3293905258,1002.16699219,0.434811843595,2.07887052673,137.452857876,-8.77637577057,-7.29737758636,16.2421112061,-0.00814557634294,0.040546361357,0.994039416313,-0.0045043900609,-0.00264681549743,0.000996881630272,2019-01-16 13:01:48.646343
37.2294158936,38.0291671753,14.2137537003,1002.16992188,0.435254338468,2.0829065282,137.439907838,-8.52696800232,-7.19847297668,16.1981563568,-0.00789874047041,0.0344765484333,0.993795692921,-0.00159634649754,-0.00289313821122,0.000405631028116,2019-01-16 13:01:48.703791
37.2294158936,38.03125,14.2137537003,1002.16650391,0.431309077129,2.07091826555,137.42085161,-8.44449329376,-7.32800722122,16.0803489685,-0.0103670973331,0.0356905087829,0.994039416313,0.00706161931157,0.000642375322059,-0.000516471453011,2019-01-16 13:01:48.763948
37.2660903931,38.03125,13.9719667435,1002.16674805,0.43823443538,2.0881516866,137.307374847,-8.27902698517,-7.21890735626,15.913523674,-0.00987342558801,0.0386040210724,0.996963799,-6.83553516865e-05,0.000325030414388,-0.000497336033732,2019-01-16 13:01:48.821369
37.2294158936,38.0374984741,15.2509851456,1002.17041016,0.440757469907,2.09349887094,137.260642693,-8.21522808075,-7.05673456192,15.9801063538,-0.00592405535281,0.0342337526381,0.994283139706,-0.00379364937544,-0.000483541283756,-0.00016948278062,2019-01-16 13:01:48.878826
37.2294158936,38.0333328247,15.2509851456,1002.17260742,0.430899746026,2.07438821509,137.216519671,-8.41265296936,-7.21077489853,15.9230175018,-0.00740506965667,0.0371472612023,0.994039416313,0.00451989471912,1.40066258609e-05,-0.00105455901939,2019-01-16 13:01:48.938662
37.321105957,38.0374984741,14.4695577621,1002.17163086,0.439254614846,2.08813290358,137.167082761,-8.09164047241,-7.12720727921,16.4841365814,-0.008639248088,0.0386040210724,0.994770526886,-0.00409114733338,-0.00202398747206,0.000742260133848,2019-01-16 13:01:49.005252
37.2110786438,38.0374984741,13.2781429291,1002.17724609,0.534344001543,2.08430949174,137.196712122,-8.6005897522,-7.18934440613,16.0319519043,-0.00666456250474,0.0352049209177,0.992820978165,0.000660490244627,-0.00164947495796,0.000157353468239,2019-01-16 13:01:49.080489
37.247756958,38.0374984741,15.4191846848,1002.17993164,0.518923835635,2.08154881466,137.170593479,-8.33361816406,-7.4875164032,15.6445770264,-0.00913291890174,0.0378756411374,0.993308365345,0.00160466507077,-0.00255159521475,-0.000148213235661,2019-01-16 13:01:49.155757
37.1744003296,38.03125,15.0722732544,1002.17431641,0.512720102878,2.09087501108,137.036475884,-8.43445301056,-7.50506877899,15.7179136276,-0.00839241221547,0.0356905087829,0.992820978165,-0.00358795374632,-0.00207377108745,-0.000734047964215,2019-01-16 13:01:49.231028
37.2660903931,38.0374984741,13.5830039978,1002.17407227,0.503055652007,2.07491542031,136.944527878,-8.38037776947,-7.54685544968,15.8588409424,-0.00839241221547,0.0369044728577,0.994770526886,0.00294471159577,-0.00205736211501,-0.000730256782845,2019-01-16 13:01:49.306353
37.247756958,38.0270843506,14.2978534698,1002.17456055,0.496071463415,2.09157190382,136.841993078,-8.3604631424,-7.1893787384,15.9155702591,-0.00888608302921,0.0364188887179,0.992089867592,-0.00308456271887,0.072214178741,0.00109947170131,2019-01-16 13:01:49.381576
37.1744003296,38.0333328247,12.2549266815,1002.1730957,0.487963175097,2.08052727449,136.869655344,-8.42102813721,-7.19534778595,16.0588531494,-0.00765190506354,0.0359333008528,0.994770526886,0.000909563153982,-0.00225551240146,-0.000144273974001,2019-01-16 13:01:49.456755
37.247756958,38.0354156494,16.8628997803,1002.17529297,0.478571825071,2.08316949048,136.861144928,-8.56413459778,-7.28719043732,16.8118591309,-0.008639248088,0.0369044728577,0.995257914066,-0.00432411581278,-0.00345335761085,0.000410940032452,2019-01-16 13:01:49.532290
37.2660903931,38.0395812988,13.341217041,1002.17944336,0.477153066714,2.08093153631,136.875952778,-8.63771152496,-7.47551584244,16.4933986664,-0.00715823378414,0.0347193405032,0.994283139706,3.29725444317e-05,0.000848680734634,0.000999569892883,2019-01-16 13:01:49.607638
37.2660903931,38.0250015259,13.341217041,1002.17993164,0.471047998174,2.07592116567,136.816584774,-8.29448127747,-7.36835002899,15.9538955688,-0.00913291890174,0.0369044728577,0.992577254772,-3.42950224876e-05,-0.00125420023687,-0.000177484937012,2019-01-16 13:01:49.685027
37.247756958,38.0374984741,10.8497581482,1002.19091797,0.46889366046,2.08439486911,136.729882353,-7.95073461533,-7.40469932556,15.4791975021,-0.00617089122534,0.0356905087829,0.990384042263,0.000698417425156,-0.000245939474553,-0.000155923189595,2019-01-16 13:01:49.760492
37.1744003296,38.0291671753,14.9215946198,1002.20092773,0.460779555809,2.07467508303,136.567214567,-8.1415719986,-7.27229833603,16.033914566,-0.00691139837727,0.0364188887179,0.997207462788,0.00181866809726,-0.00149536319077,0.000780009431764,2019-01-16 13:01:49.835604
37.2294158936,38.0270843506,16.0919837952,1002.20214844,0.460609921657,2.08211572036,136.502792223,-8.30451202393,-7.18435907364,16.1401767731,-0.00715823378414,0.0359333008528,0.995745360851,-0.00497309491038,-0.0019928147085,-0.00133326218929,2019-01-16 13:01:49.911355
37.2660903931,38.0270843506,14.4485321045,1002.19970703,0.444704198669,2.06291883337,136.549756604,-7.76333665848,-7.17765378952,16.218082428,-0.008639248088,0.0356905087829,0.988190710545,0.00680011883378,-0.00016896892339,0.000776993576437,2019-01-16 13:01:49.986677
37.2294158936,38.0250015259,12.7525177002,1002.20239258,0.450713351076,2.0833731155,136.392744215,-8.1093788147,-7.13746023178,15.5023193359,-0.00789874047041,0.0359333008528,0.993795692921,-0.00251642614603,-0.00279001705348,0.000510041834787,2019-01-16 13:01:50.062000
37.3577842712,38.0250015259,13.0959262848,1002.19238281,0.439393326383,2.06555656705,136.376338101,-8.41496944427,-7.44422626495,15.5750293732,-0.00715823378414,0.0373900532722,0.997694909573,0.00346324965358,-0.00102024828084,0.000811563804746,2019-01-16 13:01:50.137140
37.2844314575,38.0291671753,14.1401662827,1002.18896484,0.44445022769,2.07963251971,136.406322631,-8.43813800812,-7.32647752762,15.2334375381,-0.00691139837727,0.0361760929227,0.994039416313,-0.00226556137204,-9.14973206818e-05,-0.000422392273322,2019-01-16 13:01:50.216234
37.3394470215,38.03125,15.6784925461,1002.19897461,0.442067132,2.06969758268,136.393686781,-8.3033657074,-7.3139090538,15.5057621002,-0.00641772663221,0.0347193405032,0.994770526886,0.00448221340775,0.000593408476561,0.00107188732363,2019-01-16 13:01:50.291505
37.1560630798,38.0291671753,14.5326318741,1002.18896484,0.440798397681,2.08254282063,136.372595157,-8.23832988739,-7.37588500977,15.8299789429,-0.00937975477427,0.0376328490674,0.990384042263,-0.00242633372545,0.000165051780641,-0.000425514066592,2019-01-16 13:01:50.366750
37.1744003296,38.03125,12.4266319275,1002.1862793,0.445953776442,2.09487835571,136.28713583,-8.14982318878,-7.45540428162,15.7863197327,-0.00765190506354,0.0337481684983,0.992333590984,-0.00127041712403,-0.00300589902326,-0.000712807290256,2019-01-16 13:01:50.441837
37.192741394,38.0333328247,15.0091981888,1002.18969727,0.437330555893,2.07532373756,136.199449862,-8.28237724304,-7.44978237152,15.6992959976,-0.00814557634294,0.0356905087829,0.994039416313,0.0100005753338,0.00148720107973,-0.000366033054888,2019-01-16 13:01:50.517037
37.2110786438,38.0270843506,14.2452907562,1002.18701172,0.445167904481,2.09673659405,136.10513861,-7.97726821899,-7.68099355698,15.3714733124,-0.00592405535281,0.0376328490674,0.993308365345,-0.00689102336764,-0.0817335620522,0.00052395183593,2019-01-16 13:01:50.592144
37.302772522,38.0291671753,14.3749446869,1002.18554688,0.434471881601,2.08991131408,135.918005087,-7.89334869385,-7.61802434921,15.7271156311,-0.0101202614605,0.0359333008528,0.994770526886,0.00306824967265,-0.00256419787183,0.000199401052669,2019-01-16 13:01:50.667289
37.302772522,38.0270843506,16.0814704895,1002.18139648,0.431069753703,2.09336632258,135.752236396,-8.07542610168,-7.33264493942,16.0585346222,-0.00814557634294,0.0373900532722,0.993795692921,-0.000616438686848,0.00141878821887,0.000191206112504,2019-01-16 13:01:50.746309
37.302772522,38.03125,16.0814704895,1002.18603516,0.435020644612,2.09247562323,135.757878132,-8.12521457672,-7.04866218567,15.3963413239,-0.00715823378414,0.0354477129877,0.994770526886,-0.000833012163639,0.00143495993689,-0.00014164717868,2019-01-16 13:01:50.820677
37.247756958,38.0270843506,15.9097681046,1002.18676758,0.435131741908,2.09101908539,135.786250738,-8.10353183746,-7.46785116196,15.5512542725,-0.00789874047041,0.0383612290025,0.994039416313,-0.00218272954226,0.00103024602868,-0.000427106861025,2019-01-16 13:01:50.894916
37.1377258301,38.0354156494,15.8501968384,1002.18896484,0.439579635801,2.09552914467,135.700285977,-8.10958766937,-7.59035778046,15.6530094147,-0.00592405535281,0.0347193405032,0.994770526886,-0.00253098458052,0.00135209015571,-0.00165035331156,2019-01-16 13:01:50.970099
37.321105957,38.0270843506,12.8471298218,1002.1862793,0.439831765831,2.08228626165,135.628814877,-8.29308319092,-7.41718101501,15.3490190506,-0.00814557634294,0.0371472612023,0.993308365345,0.000949159264565,-0.00228604953736,0.000209995312616,2019-01-16 13:01:51.045103
37.247756958,38.0333328247,14.6552782059,1002.18164062,0.438111358573,2.09490695713,135.658102729,-8.69087982178,-7.28445005417,15.3433513641,-0.00691139837727,0.0373900532722,0.986484825611,-0.000755216926336,0.000447139143944,-9.38891898841e-05,2019-01-16 13:01:51.124007
37.2844314575,38.0354156494,16.1200180054,1002.18481445,0.448348824963,2.08249244798,135.829895647,-8.97846794128,-7.25877141953,15.4491453171,-0.00567721994594,0.0356905087829,0.997207462788,-0.00356838479638,0.00096425274387,0.000207603909075,2019-01-16 13:01:51.199158
37.2294158936,38.0270843506,14.3644323349,1002.18994141,0.604259045187,2.08536283498,135.970556562,-8.5148639679,-7.50479412079,15.7235240936,-0.00765190506354,0.0332625806332,0.990384042263,-0.00157683715224,-0.00169094884768,0.00138518447056,2019-01-16 13:01:51.274350
37.2110786438,38.03125,13.5024089813,1002.18920898,0.585781302408,2.0839415153,135.938386371,-8.09524059296,-7.51994228363,15.8477697372,-0.00937975477427,0.0390896052122,0.992089867592,-0.000254943966866,-0.00555886235088,-0.000127794453874,2019-01-16 13:01:51.349385
37.321105957,38.0374984741,13.709154129,1002.19775391,0.563795083553,2.09365724595,135.883321386,-8.16254425049,-7.38077306747,15.7620573044,-0.00814557634294,0.0330197885633,0.993308365345,0.00057290121913,-0.00406283512712,-0.000429643783718,2019-01-16 13:01:51.424882
37.2110786438,38.03125,16.7052116394,1002.18945312,0.537767580503,2.07866049841,135.845687044,-8.15018463135,-7.18123531342,15.648976326,-0.00913291890174,0.0369044728577,0.998426020145,0.0046005025506,-0.00155351264402,-0.000445639947429,2019-01-16 13:01:51.500180
37.321105957,38.0395812988,14.1717033386,1002.18603516,0.528450455423,2.09498208921,135.834307949,-8.27703285217,-7.16697597504,15.1986761093,-0.00814557634294,0.0361760929227,0.994039416313,-0.00257910788059,-0.00348336668685,0.000184674048796,2019-01-16 13:01:51.575435
37.2660903931,38.0333328247,16.2952251434,1002.19287109,0.503550467196,2.08071382403,135.954314372,-8.45941925049,-7.03723907471,15.2007389069,-0.00641772663221,0.0337481684983,0.995014250278,0.00231365486979,0.000858993269503,0.000162644078955,2019-01-16 13:01:51.654326
37.192741394,38.0291671753,11.1581249237,1002.19116211,0.490372791131,2.09012881292,136.053925851,-7.87235021591,-6.96868467331,15.3592147827,-0.00789874047041,0.0381184332073,0.990384042263,0.00332424417138,-0.00089480355382,0.000752414343879,2019-01-16 13:01:51.729724
37.2110786438,38.0333328247,15.243976593,1002.19140625,0.481778652247,2.09551313642,136.038312039,-8.11894893646,-7.13832998276,15.8088741302,-0.002468356397,0.0344765484333,0.991602480412,-0.00503960624337,0.000257228966802,0.000179706374183,2019-01-16 13:01:51.807158
37.302772522,38.0374984741,14.1822156906,1002.20043945,0.461965394043,2.08601618526,136.05098887,-8.17056751251,-7.10256052017,15.6811161041,-0.00913291890174,0.0383612290025,0.990140318871,-0.000560566782951,0.00147073855624,-0.00162107439246,2019-01-16 13:01:51.886138
37.302772522,38.0374984741,13.7897491455,1002.20092773,0.465656684402,2.09918478998,136.059690531,-8.03655433655,-7.14437532425,15.6211652756,-0.00913291890174,0.0352049209177,0.936527013779,-0.000576868653297,-0.00275201792829,0.000209518242627,2019-01-16 13:01:51.950848
37.302772522,38.0416679382,13.7897491455,1002.2121582,0.456508766587,2.08867504984,136.059676871,-8.45779800415,-7.3309378624,16.0246086121,-0.00715823378414,0.0361760929227,0.990140318871,-0.000256419181824,-0.00112101668492,0.00139227206819,2019-01-16 13:01:52.007302
37.2844314575,38.0374984741,13.9334201813,1002.20800781,0.452380077316,2.09221863736,136.144562462,-8.34051799774,-7.16485357285,15.796333313,-0.00740506965667,0.0376328490674,0.99793857336,-0.000402372330427,-0.00338045181707,0.00109466118738,2019-01-16 13:01:52.061180
37.2294158936,38.0416679382,14.2698202133,1002.19897461,0.449418549981,2.10196040811,136.113280195,-8.41478824615,-7.42738580704,15.9415016174,-0.00641772663221,0.0383612290025,0.990384042263,-0.00553567707539,-0.00358095765114,0.00073732691817,2019-01-16 13:01:52.125677
37.2294158936,38.0374984741,14.2698202133,1002.19702148,0.435713055039,2.09633382633,136.177852804,-8.59594154358,-7.2248415947,16.3156833649,-0.008639248088,0.0339909605682,0.988190710545,0.00331209227443,0.00040191411972,0.000112152658403,2019-01-16 13:01:52.193109
37.2294158936,38.0354156494,15.0792818069,1002.19311523,0.431498828322,2.0878439012,136.292108208,-8.75290107727,-7.13335323334,16.447927475,-0.00666456250474,0.0364188887179,0.993552088737,0.00530482456088,0.00196033949032,0.000430082436651,2019-01-16 13:01:52.253515
37.1377258301,38.0395812988,15.0652647018,1002.19702148,0.428684870425,2.10295291997,136.419682481,-9.09123420715,-7.10954380035,16.7961864471,-0.00888608302921,0.0335053727031,0.98039239645,0.0074778907001,-7.55316577852e-05,-0.000794261461124,2019-01-16 13:01:52.310978
37.2660903931,38.0416679382,15.4296979904,1002.19360352,0.428727399025,2.09164447458,136.577036379,-8.95748615265,-7.38219833374,16.9287433624,-0.0032088633161,0.039575189352,0.986728549004,0.00106018036604,-0.00184218026698,0.000724392943084,2019-01-16 13:01:52.368364
37.2660903931,38.0458335876,15.4296979904,1002.18969727,0.426272372905,2.09929834188,136.68212567,-9.01706027985,-7.2916059494,16.4091072083,-0.00765190506354,0.0342337526381,0.984047889709,0.000729590654373,-0.00303749321029,0.00100559485145,2019-01-16 13:01:52.428277
37.302772522,38.0416679382,14.1051244736,1002.18920898,0.418908174999,2.07474061016,136.855107041,-9.00864505768,-7.23903894424,15.986661911,-0.00888608302921,0.0364188887179,0.993064701557,0.00646694377065,0.000877095386386,-0.000788099365309,2019-01-16 13:01:52.489231
37.192741394,38.0374984741,14.1752080917,1002.18652344,0.427537878892,2.08914868077,136.979962899,-8.82049751282,-7.1702914238,15.8600444794,-0.00987342558801,0.0393323935568,0.991846144199,0.00138405710459,-0.001385522075,-0.00140027177986,2019-01-16 13:01:52.546657
37.247756958,38.0437507629,14.3609285355,1002.18383789,0.433171370895,2.10228761686,137.138846759,-8.99422836304,-6.55642986298,15.495891571,-0.00765190506354,0.0347193405032,0.994770526886,-0.00644198060036,-0.0036195567809,-0.000480083050206,2019-01-16 13:01:52.610259
37.247756958,38.0354156494,14.3609285355,1002.17993164,0.415355542816,2.07408107002,137.524697806,-8.82322406769,-6.26000833511,15.6098814011,-0.00691139837727,0.0378756411374,0.995257914066,0.00967504456639,0.00183342350647,-0.00106401380617,2019-01-16 13:01:52.687481
37.192741394,38.0374984741,15.7906265259,1002.18896484,0.426940957711,2.11142256798,137.80828726,-8.62863063812,-6.6401257515,15.6028814316,-0.00987342558801,0.0390896052122,0.993064701557,-0.00459933653474,-0.00298128044233,0.000457432121038,2019-01-16 13:01:52.762772
37.192741394,38.0395812988,12.6614093781,1002.19116211,0.419593114907,2.09311445936,137.938388704,-8.97744750977,-7.4839887619,15.7762403488,-0.00345569918863,0.0327770002186,0.996720075607,0.00532973557711,0.00383057119325,0.000712774926797,2019-01-16 13:01:52.838026
37.2294158936,38.0437507629,15.1073150635,1002.18530273,0.426504492615,2.0939180738,137.882353832,-8.74429321289,-7.3019490242,15.7219161987,-0.0019746851176,0.0468589663506,0.992089867592,-0.010421462357,0.00152253033593,0.000995707698166,2019-01-16 13:01:52.913818
37.321105957,38.0416679382,14.5151119232,1002.18237305,0.419132984273,2.11948368531,137.715560612,-8.27562618256,-7.19343948364,15.682715416,-0.00937975477427,0.0335053727031,0.983804166317,-0.00675526633859,-0.00431072665378,7.90846534073e-05,2019-01-16 13:01:52.989072
37.2844314575,38.0437507629,15.3876476288,1002.17944336,0.412987254763,2.09314306078,137.685958572,-8.18375587463,-6.98154735565,15.668551445,-0.00814557634294,0.0366616807878,0.991358757019,0.0101872123778,0.0040465388447,-0.00022101518698,2019-01-16 13:01:53.064167
37.302772522,38.0437507629,14.7814273834,1002.17822266,0.416609896385,2.12216923031,137.659607703,-8.23136711121,-6.97113323212,15.8735084534,-0.0096265906468,0.0347193405032,0.998913347721,-0.00305531173944,-0.00313335098326,5.93711156398e-05,2019-01-16 13:01:53.139401
37.2294158936,38.0437507629,14.0455541611,1002.17749023,0.414036062326,2.10120545876,137.532730109,-7.84165430069,-7.15132808685,16.1694469452,-0.00691139837727,0.0354477129877,0.993552088737,0.00361578911543,0.0014231139794,-0.000269044423476,2019-01-16 13:01:53.218362
37.247756958,38.0458335876,13.4603595734,1002.17089844,0.417474582326,2.10870009727,137.29486194,-7.89258337021,-7.31078195572,15.6479253769,-0.00765190506354,0.039575189352,0.991358757019,-0.00199222192168,-0.00165776908398,-0.00176821264904,2019-01-16 13:01:53.293488
37.302772522,38.0437507629,13.730178833,1002.17456055,0.418288442054,2.11147656917,137.13668842,-8.33128070831,-7.04208946228,15.73898983,-0.00789874047041,0.0327770002186,0.991602480412,-0.00183689966798,-0.000909560360014,0.000365595333278,2019-01-16 13:01:53.368511
37.247756958,38.0479164124,17.1677627563,1002.18017578,0.415635527211,2.09724885824,137.086677775,-8.44724082947,-7.45401382446,15.7974910736,-0.008639248088,0.0373900532722,0.988921821117,0.00583256036043,-0.0007089455612,0.000996820395812,2019-01-16 13:01:53.443665
37.1744003296,38.0499992371,13.0573806763,1002.18579102,0.420917878121,2.10403187642,137.031571808,-8.45787239075,-7.29524612427,15.6343851089,-0.013575960882,0.0344765484333,1.00695538521,0.00112222135067,-0.00374857895076,-0.000185017939657,2019-01-16 13:01:53.518862
37.302772522,38.0499992371,12.1533069611,1002.18481445,0.416610536715,2.09164148637,137.043005545,-8.34483146667,-6.91181993484,15.161444664,-0.0106139332056,0.0335053727031,0.99793857336,0.00100129842758,-0.00251546292566,-0.00165916315746,2019-01-16 13:01:53.593962
37.2844314575,38.0520820618,15.18791008,1002.19238281,0.422669928365,2.07206573733,137.105802304,-8.35485839844,-6.88321781158,15.0728797913,-0.00641772663221,0.0347193405032,0.992089867592,0.0054238550365,0.00290097435936,0.000177203444764,2019-01-16 13:01:53.669060
37.3394470215,38.0604171753,15.979850769,1002.18896484,0.428313025321,2.089721136,137.10167687,-8.03484153748,-7.17931604385,15.4580116272,-0.00814557634294,0.0366616807878,0.991846144199,0.00146698206663,-0.00244618835859,-0.000419869786128,2019-01-16 13:01:53.748457
37.3394470215,38.0562515259,15.979850769,1002.1887207,0.421913564956,2.07803126724,136.983938069,-7.99446344376,-7.08383893967,15.5914335251,-0.00617089122534,0.0335053727031,0.993795692921,0.00748456642032,0.00177410338074,0.000808515120298,2019-01-16 13:01:53.822953
37.2660903931,38.0562515259,14.5536575317,1002.18725586,0.428478950893,2.09316760677,136.895459799,-7.87997817993,-7.10803508759,15.6110877991,-0.00765190506354,0.0398179814219,0.995257914066,0.000797264277935,0.000147058162838,-0.000115523347631,2019-01-16 13:01:53.897206
37.2110786438,38.0541687012,14.7078399658,1002.18701172,0.430501407259,2.10354095657,136.764005978,-7.87088346481,-6.84085178375,15.6478233337,-0.00444304151461,0.0330197885633,0.993552088737,-0.00199571996927,-0.000614597462118,0.00111335143447,2019-01-16 13:01:53.972294
37.321105957,38.0541687012,12.7490139008,1002.18286133,0.420258044495,2.09166987435,136.781914734,-8.05842590332,-6.66957235336,15.7918071747,-0.00617089122534,0.0373900532722,0.986728549004,0.00254110246897,0.00376086309552,0.000824352260679,2019-01-16 13:01:54.047503
37.302772522,38.0562515259,14.2522993088,1002.18481445,0.42673757282,2.12640992401,136.879941609,-8.28359413147,-6.53741693497,16.1050510406,-0.0103670973331,0.0412747375667,0.98551005125,-0.00106791779399,-0.00819036923349,0.000174427405,2019-01-16 13:01:54.126443
37.2110786438,38.0562515259,14.5641698837,1002.19482422,0.4281952846,2.10945504662,137.012720486,-8.24237918854,-6.86408472061,15.9654502869,-0.00913291890174,0.0342337526381,0.992577254772,0.00208354741335,-0.00204864097759,0.000743492972106,2019-01-16 13:01:54.201655
37.192741394,38.0479164124,15.0302228928,1002.20019531,0.423174161745,2.09982576055,137.019673619,-8.23874187469,-7.06666469574,15.8765592575,-0.00937975477427,0.0400607734919,0.99793857336,-0.00115476548672,0.000295008532703,0.000738917384297,2019-01-16 13:01:54.276728
37.247756958,38.0458335876,17.4025402069,1002.20556641,0.4319016494,2.10892677417,137.011477392,-7.77875995636,-7.12438011169,16.0852851868,-0.00543038407341,0.0356905087829,0.996963799,-0.00216165557504,0.000504621770233,0.000744984485209,2019-01-16 13:01:54.351984
37.1744003296,38.0541687012,13.590013504,1002.20605469,0.421524377575,2.09669689358,136.842184323,-8.2103509903,-7.26221132278,16.1792201996,-0.00740506965667,0.0378756411374,0.993308365345,0.00160594284534,0.00039693294093,-0.000775823136792,2019-01-16 13:01:54.427797
37.2660903931,38.0499992371,15.1423559189,1002.203125,0.430561224775,2.11055150542,136.794181754,-8.49778842926,-7.37150430679,15.8800325394,-0.00592405535281,0.0383612290025,0.993795692921,-0.00735833123326,-0.0016411843244,-0.00109987671021,2019-01-16 13:01:54.503067
37.247756958,38.0437507629,11.438457489,1002.20776367,0.415070382418,2.09686551387,136.771942658,-8.54712963104,-7.35043907166,16.0286540985,-0.008639248088,0.0335053727031,0.995745360851,0.00680994614959,0.00257478514686,-0.00136290246155,2019-01-16 13:01:54.579125
37.192741394,38.0499992371,16.9434947968,1002.21313477,0.431502696983,2.11360929574,136.762052544,-7.91420984268,-7.3171877861,15.7921133041,-0.0111076040193,0.0364188887179,0.936527013779,-0.00428992509842,-0.00298289675266,0.000499892514199,2019-01-16 13:01:54.657751
37.1377258301,38.0541687012,10.096364975,1002.20288086,0.432747152114,2.10238836215,136.669202952,-8.18443393707,-7.14136457443,15.879743576,-0.00666456250474,0.0354477129877,0.995501637459,0.000440001487732,-0.000183261465281,0.000512127531692,2019-01-16 13:01:54.739424
37.192741394,38.0499992371,11.8729743958,1002.20532227,0.425029278476,2.08529367932,136.682972613,-8.24606227875,-6.91931200027,16.2953033447,-0.00617089122534,0.0364188887179,0.999157071114,-0.000545330345631,-0.00439671520144,-0.000393151305616,2019-01-16 13:01:54.818061
37.2844314575,38.0437507629,16.6421375275,1002.20458984,0.427242926778,2.09308607138,136.707889144,-8.31717014313,-6.92564582825,15.9407253265,-0.00839241221547,0.0339909605682,0.995745360851,-0.00248591974378,0.000768050085753,-0.000962931546383,2019-01-16 13:01:54.900387
37.2294158936,38.0458335876,12.994304657,1002.20043945,0.428862295261,2.08039003038,136.797897376,-8.5915927887,-6.77709102631,15.9601640701,-0.0096265906468,0.0352049209177,0.997694909573,0.00386336818337,-0.00047954171896,0.000266733346507,2019-01-16 13:01:54.975603
37.192741394,38.0520820618,11.8694705963,1002.20117188,0.437825584525,2.08639675487,136.931700782,-8.27966785431,-7.36410427094,15.7139806747,-0.00839241221547,0.0393323935568,0.990627706051,-0.00415274128318,3.35541553795e-05,0.000574110308662,2019-01-16 13:01:55.051208
37.2110786438,38.0416679382,14.3644323349,1002.203125,0.440376446737,2.0912291137,136.947300934,-8.59358596802,-7.11142253876,15.6627807617,-0.0096265906468,0.0352049209177,0.994283139706,-0.00145845487714,-0.00229137926362,-5.87382819504e-05,2019-01-16 13:01:55.127320
37.2110786438,38.0374984741,14.3644323349,1002.2043457,0.438262156343,2.07452738019,136.99373256,-8.40033149719,-7.10566043854,15.5000829697,-0.00839241221547,0.0366616807878,0.990140318871,0.0056500248611,0.00153434975073,-7.46550504118e-05,2019-01-16 13:01:55.204358
37.1744003296,38.0395812988,12.6228637695,1002.19921875,0.445278948415,2.09264787206,136.951658595,-8.30938339233,-7.17328071594,15.3237743378,-0.00937975477427,0.0349621325731,0.937258064747,-0.00525129213929,-0.00388388778083,0.00024979072623,2019-01-16 13:01:55.280406
37.247756958,38.0374984741,16.5930786133,1002.19848633,0.434417080005,2.07532117624,136.984129314,-8.89726734161,-7.27139377594,15.1688337326,-0.00913291890174,0.0322914123535,0.998913347721,0.00149403885007,-0.001469979994,-0.000982671394013,2019-01-16 13:01:55.360654
37.192741394,38.0354156494,12.195356369,1002.18994141,0.444072512892,2.08403308253,137.08072185,-8.72383594513,-7.20935440063,15.1932907104,-0.0113544398919,0.0371472612023,0.995501637459,-0.00137530639768,-0.00128647428937,0.00146865914576,2019-01-16 13:01:55.438243
37.1377258301,38.0333328247,12.2339019775,1002.18432617,0.440194539589,2.07616598526,137.159378308,-8.8382396698,-7.13412380219,15.647310257,-0.0029620276764,0.0330197885633,0.995014250278,0.00495693832636,0.00370080024004,-8.44451133162e-05,2019-01-16 13:01:55.514441
37.192741394,38.0416679382,12.7244853973,1002.18310547,0.438029503024,2.07116201792,137.283209638,-8.31663703918,-6.91770935059,15.6612453461,-0.00691139837727,0.0400607734919,0.993795692921,0.00124468654394,0.000905990134925,-6.43581151962e-05,2019-01-16 13:01:55.572269
37.192741394,38.03125,16.1165122986,1002.17797852,0.442273931985,2.09434965638,137.259522542,-8.24963760376,-6.74615764618,16.0464611053,-0.0103670973331,0.0366616807878,0.994283139706,-0.00648958235979,-0.0808138623834,-5.00469468534e-05,2019-01-16 13:01:55.626786
37.2110786438,38.0374984741,14.3854570389,1002.18115234,0.390758510831,2.08224634773,137.332086471,-8.16966533661,-6.7593421936,15.5267066956,-0.00641772663221,0.0330197885633,0.994770526886,-0.00128059089184,0.00168657768518,-0.000642487313598,2019-01-16 13:01:55.685558
37.2110786438,38.0333328247,14.3854570389,1002.1809082,0.395440685548,2.0665898466,137.461832745,-8.73262500763,-6.63031625748,15.5335626602,-0.00913291890174,0.0352049209177,0.994039416313,0.00452138856053,0.00290684355423,-3.1765550375e-05,2019-01-16 13:01:55.742045
37.247756958,38.0291671753,14.9075775146,1002.1875,0.415603083813,2.08463627361,137.614897284,-8.10341739655,-6.66640710831,15.3884944916,-0.00543038407341,0.0400607734919,0.991115033627,-0.00555822998285,0.0013789345976,0.000884619774297,2019-01-16 13:01:55.799475
37.2294158936,38.0229187012,14.5291280746,1002.18579102,0.419757519695,2.08181818024,137.613695171,-8.05581569672,-6.60710334778,15.306014061,-0.00345569918863,0.0373900532722,0.986972272396,-0.00922109186649,0.0050439699553,-3.17189842463e-05,2019-01-16 13:01:55.853403
37.2294158936,38.0250015259,14.5291280746,1002.1862793,0.412014513095,2.06498389837,137.66529042,-8.37845134735,-6.76564216614,15.3524036407,-0.00691139837727,0.0337481684983,0.991115033627,0.00604922324419,0.00534855388105,-0.000642470782623,2019-01-16 13:01:55.917054
37.2294158936,38.0333328247,13.9053878784,1002.1875,0.427096477917,2.07827267174,137.709440763,-8.25143623352,-6.76505231857,15.69008255,-0.00518354866654,0.0361760929227,0.984779000282,-0.00311378762126,0.00229381630197,-0.000336976256222,2019-01-16 13:01:55.970940
37.1560630798,38.0291671753,14.1857204437,1002.18725586,0.431798449511,2.07996100912,137.720136839,-8.28052902222,-6.80136346817,15.6969442368,-0.00518354866654,0.0361760929227,0.991846144199,0.00268928706646,0.005958519876,0.000579326879233,2019-01-16 13:01:56.036247
37.2844314575,38.0291671753,14.1611909866,1002.18920898,0.434778092856,2.07566887556,137.74221201,-8.30734825134,-6.83637809753,15.2018556595,-0.00641772663221,0.0359333008528,0.990627706051,-0.00128163024783,0.00320939393714,-0.000642418395728,2019-01-16 13:01:56.093623
37.2844314575,38.0208320618,14.1611909866,1002.18798828,0.437098836389,2.07204994251,137.748004011,-8.26700782776,-6.96097707748,15.5782651901,-0.008639248088,0.0339909605682,0.991602480412,0.00177292525768,0.00290344771929,-3.15683428198e-05,2019-01-16 13:01:56.153502
37.2660903931,38.0270843506,13.9789743423,1002.19287109,0.442745134996,2.073556853,137.730750953,-8.39960670471,-6.80553674698,16.1403636932,-0.00888608302921,0.0366616807878,0.992089867592,-6.01671636105e-05,0.00381884654053,-3.16349323839e-05,2019-01-16 13:01:56.214485
37.2660903931,38.0250015259,14.8059568405,1002.19213867,0.451563015937,2.08296287726,137.760817446,-8.28426551819,-6.65842199326,16.0153903961,-0.00839241221547,0.0359333008528,0.991846144199,-0.00219776108861,-0.000762642826885,0.000273859361187,2019-01-16 13:01:56.293026
37.302772522,38.0250015259,11.9745941162,1002.19335938,0.452373780735,2.07189220783,137.828668545,-8.44198703766,-7.00240516663,15.8839120865,-0.00691139837727,0.0361760929227,0.990627706051,0.00268864259124,0.00687219714746,0.000273869838566,2019-01-16 13:01:56.368279
37.1377258301,38.0270843506,15.0091981888,1002.19677734,0.462996539164,2.08041628392,137.827876243,-8.17339611053,-6.91096973419,16.138923645,-0.00567721994594,0.0386040210724,0.993308365345,-0.0104442723095,0.00229027168825,-0.000642417464405,2019-01-16 13:01:56.444473
37.1010475159,38.0145835876,12.2654399872,1002.203125,0.46424758436,2.07170736584,137.719412839,-8.23532009125,-6.99237012863,16.2670173645,-0.00814557634294,0.0347193405032,0.990627706051,0.00207871943712,0.00137358880602,-0.00033707683906,2019-01-16 13:01:56.519766
37.1744003296,38.0270843506,15.6329393387,1002.20141602,0.466636549744,2.07338759237,137.730067934,-8.31660366058,-6.78249359131,16.5396556854,-0.00789874047041,0.0390896052122,0.98965293169,0.00116090103984,-0.000765183474869,0.00118989148177,2019-01-16 13:01:56.598536
37.1193847656,38.0187492371,16.5860710144,1002.203125,0.470109167328,2.09755813774,137.831632847,-8.32027816772,-6.10259914398,15.980430603,-0.008639248088,0.0335053727031,0.993552088737,0.00360510125756,0.00106754107401,-0.000337337842211,2019-01-16 13:01:56.673654
37.1377258301,38.0208320618,14.1121330261,1002.20556641,0.465202156657,2.0796732874,138.017291049,-8.20726776123,-6.48809051514,16.0216808319,-0.00814557634294,0.0373900532722,0.994526803493,0.00696308165789,0.00228819460608,-0.000337275676429,2019-01-16 13:01:56.748871
37.1377258301,38.0166664124,14.1121330261,1002.20654297,0.476693736492,2.10282954968,138.026306899,-8.08575725555,-6.8242855072,16.190908432,-0.00987342558801,0.0352049209177,0.996963799,-0.00372600927949,-0.00382020045072,-0.0012534604175,2019-01-16 13:01:56.823304
37.1193847656,38.0166664124,14.777923584,1002.20727539,0.468709512157,2.0842217665,137.951871497,-8.06024360657,-6.93318223953,15.6215343475,-0.008639248088,0.0344765484333,0.994283139706,0.00604701042175,0.0053418809548,-0.000337023520842,2019-01-16 13:01:56.901193
37.192741394,38.0166664124,11.848443985,1002.20239258,0.47819637811,2.10204471825,137.822056922,-8.08747196198,-7.17130374908,16.0463829041,-0.00839241221547,0.0386040210724,0.990871429443,0.00329706445336,0.00411909911782,0.000884717563167,2019-01-16 13:01:56.976298
37.192741394,38.0166664124,16.1795883179,1002.20361328,0.477537051411,2.10677547803,137.640414871,-8.02967357635,-7.22559404373,15.9399471283,-0.0113544398919,0.030106279999,0.996232748032,0.00726814568043,0.00411881832406,0.000579167157412,2019-01-16 13:01:57.051444
37.192741394,38.0166664124,12.973279953,1002.19946289,0.480416883281,2.09988488437,137.466381651,-7.89314889908,-7.20607709885,15.2677516937,-0.00839241221547,0.0352049209177,0.999157071114,0.00573987513781,0.00350736430846,0.000273745274171,2019-01-16 13:01:57.126614
37.192741394,38.0208320618,11.4910202026,1002.19555664,0.373497849066,2.10804055713,137.402901873,-8.5316619873,-7.26427555084,15.7572135925,-0.00641772663221,0.0349621325731,0.999157071114,-0.000673782080412,0.00472901854664,-0.000337057979777,2019-01-16 13:01:57.204668
37.1744003296,38.0083312988,13.7792377472,1002.19287109,0.444289398079,2.10019587142,137.356142398,-8.3037443161,-7.25590372086,15.8548707962,-0.002468356397,0.0347193405032,0.995257914066,0.000243030488491,0.00350734149106,-0.000947912805714,2019-01-16 13:01:57.280280
37.3394470215,38.0166664124,16.561542511,1002.18798828,0.436827042885,2.09915576168,137.3562107,-8.56504058838,-6.91092538834,15.8858995438,-0.00641772663221,0.0383612290025,0.994283139706,0.0127633549273,0.00625503016636,0.000273879617453,2019-01-16 13:01:57.355627
37.1744003296,38.0187492371,14.2347784042,1002.18505859,0.450403377882,2.14082055595,137.44830897,-8.56373310089,-7.02220630646,15.8499660492,-0.00567721994594,0.0376328490674,0.992577254772,-0.00525666028261,-0.00167931232136,0.00180087354966,2019-01-16 13:01:57.431420
37.2660903931,38.0187492371,15.7065267563,1002.18310547,0.373051485531,2.12079913705,137.502335767,-8.38038158417,-6.85900020599,15.8358411789,-0.00468987738714,0.0332625806332,0.992089867592,0.004822332412,0.00717725837603,-0.00155877193902,2019-01-16 13:01:57.506582
37.3394470215,38.0166664124,14.8059568405,1002.18432617,0.394202233513,2.13126341375,137.55879411,-8.65922451019,-7.1579413414,15.7082214355,-0.00839241221547,0.0446738339961,0.991602480412,-6.71073794365e-05,-0.000765093136579,0.00119010661729,2019-01-16 13:01:57.581939
37.321105957,38.0208320618,14.6307487488,1002.18798828,0.403901529021,2.15544377752,137.564121658,-8.59146213531,-7.16044998169,15.6567459106,-0.00641772663221,0.0313202403486,0.991846144199,-0.006173402071,0.0743653327227,0.000884735956788,2019-01-16 13:01:57.657248
37.2294158936,38.03125,15.4191846848,1002.18188477,0.46462735355,2.11534459067,137.593423169,-8.64169502258,-7.00775814056,16.0041484833,-0.00839241221547,0.0366616807878,0.993064701557,0.0115392245352,0.0080852182582,0.00088454131037,2019-01-16 13:01:57.732619
37.247756958,38.0229187012,16.2531757355,1002.17553711,0.487410516743,2.1581784145,137.632191323,-8.44093704224,-6.93723011017,16.0823345184,-0.0101202614605,0.0410319454968,0.994283139706,-0.00739734619856,0.0737465396523,-0.000947710243054,2019-01-16 13:01:57.807775
37.247756958,38.0250015259,13.1519927979,1002.18334961,0.550880423132,2.13832326803,137.639171777,-8.22880172729,-6.97416448593,16.0443153381,-0.00691139837727,0.0313202403486,0.993552088737,0.0106233544648,0.00471861474216,0.00119040580466,2019-01-16 13:01:57.884069
37.247756958,38.0250015259,13.1519927979,1002.17773438,0.54627431431,2.14033625285,137.577126338,-8.33031654358,-7.24489307404,16.1753902435,-0.00839241221547,0.0390896052122,0.990871429443,0.00603901222348,0.00227402988821,-0.000336746685207,2019-01-16 13:01:57.958426
37.2294158936,38.0291671753,15.4997806549,1002.17871094,0.55122129226,2.17402829536,137.45660082,-8.3594417572,-7.43208456039,16.1192264557,-0.00567721994594,0.0339909605682,0.994770526886,-0.00800872966647,-0.000168963801116,0.000579536193982,2019-01-16 13:01:58.036725
37.2660903931,38.0270843506,15.6259307861,1002.17700195,0.533272248812,2.12832685929,137.363669266,-8.54767894745,-7.43381357193,16.362903595,-0.00913291890174,0.0352049209177,0.992089867592,0.0106206275523,0.00532767409459,0.000579495448619,2019-01-16 13:01:58.111773
37.2660903931,38.0250015259,16.6105995178,1002.17358398,0.539259870115,2.1644910034,137.262309259,-8.21005439758,-7.38397121429,16.7395687103,-0.0106139332056,0.0376328490674,0.999157071114,-0.00495648756623,-0.00475159659982,0.000884887529537,2019-01-16 13:01:58.187034
37.2844314575,38.03125,15.0757770538,1002.17993164,0.427273902753,2.14919692919,137.069411056,-7.93420267105,-7.27548408508,16.6798458099,-0.00691139837727,0.0339909605682,0.996232748032,0.00329032167792,0.00258523295633,0.000273827463388,2019-01-16 13:01:58.262291
37.2294158936,38.0229187012,18.9058265686,1002.17529297,0.428698744247,2.14617670492,136.931031424,-7.97732543945,-6.9150686264,16.4616298676,-0.00839241221547,0.0398179814219,0.997207462788,0.00145631283522,-0.000469705322757,-0.000642511062324,2019-01-16 13:01:58.337571
37.247756958,38.03125,12.2899684906,1002.17773438,0.435722606632,2.15784309491,136.865680174,-8.00758934021,-7.04392671585,17.0329151154,-0.00617089122534,0.0349621325731,0.991115033627,-0.00251341611147,-0.000170479295775,0.000579127343372,2019-01-16 13:01:58.412623
37.247756958,38.0250015259,11.7818660736,1002.17651367,0.503851849293,2.14058939673,136.735059636,-7.87457895279,-7.08997392654,16.6136436462,-0.00740506965667,0.0361760929227,0.995989024639,0.00420512259007,0.00166114675812,0.000884596258402,2019-01-16 13:01:58.487782
37.2110786438,38.0250015259,11.417432785,1002.18017578,0.512268456619,2.15618912191,136.63266144,-8.09006786346,-7.03239440918,16.1595230103,-0.00839241221547,0.0390896052122,0.993795692921,-0.00190478563309,-0.000782282091677,-0.00186413270421,2019-01-16 13:01:58.566689
37.1377258301,38.03125,12.0586948395,1002.18408203,0.506417225656,2.16002128492,136.663684159,-8.14301013947,-6.71139478683,16.388420105,-0.00740506965667,0.0344765484333,0.992577254772,0.00176045298576,0.00196651509032,-0.000336753670126,2019-01-16 13:01:58.642779
37.1010475159,38.0250015259,14.4800701141,1002.18579102,0.504262407695,2.14891561077,136.700157369,-7.90061473846,-6.96042585373,16.3233165741,-0.00814557634294,0.0386040210724,0.988678097725,0.00603473931551,0.000744098098949,0.00180115713738,2019-01-16 13:01:58.717960
37.2660903931,38.0145835876,14.1436700821,1002.18017578,0.50882182577,2.16930820776,136.617812609,-8.11095237732,-7.03186798096,16.2081069946,-0.00592405535281,0.0369044728577,0.985997438431,-0.000989928841591,0.00227085710503,0.000884690089151,2019-01-16 13:01:58.793040
37.1010475159,38.0270843506,16.0919837952,1002.17724609,0.502718518138,2.15554174804,136.597308381,-7.79115772247,-7.0017375946,15.9273519516,-0.008639248088,0.0352049209177,0.991846144199,0.00695042312145,0.00288103590719,0.00027380976826,2019-01-16 13:01:58.868118
37.2294158936,38.0229187012,16.2076225281,1002.16967773,0.5150138725,2.16366860594,136.555179774,-8.21483707428,-6.93191623688,16.4733715057,-0.0113544398919,0.0381184332073,0.991602480412,0.0051167756319,0.00135957705788,0.000884659821168,2019-01-16 13:01:58.943519
37.2660903931,38.0208320618,14.4240036011,1002.16918945,0.444194309039,2.16850736808,136.589030192,-8.25100326538,-7.13880348206,16.3794631958,-0.00715823378414,0.0330197885633,0.995014250278,0.00328479707241,0.000137799885124,-0.000337136909366,2019-01-16 13:01:59.027181
37.2660903931,38.0125007629,14.833990097,1002.17456055,0.442619470188,2.15754107248,136.544388075,-8.21588993073,-7.43476295471,16.4267749786,-0.008639248088,0.0361760929227,0.995501637459,0.00358912348747,0.00105346110649,0.000579120125622,2019-01-16 13:01:59.103284
37.3394470215,38.0145835876,14.6027154922,1002.17089844,0.452352383033,2.16591723228,136.475075316,-8.32217121124,-7.08896923065,16.6916389465,-0.00567721994594,0.0366616807878,0.994283139706,-0.00832169502974,-0.00169545284007,-3.20421531796e-05,2019-01-16 13:01:59.172567
37.3394470215,38.0229187012,14.6027154922,1002.1809082,0.448751966206,2.14807229585,136.510223469,-8.30111885071,-7.13307666779,16.5278644562,-0.00765190506354,0.0354477129877,0.993552088737,-0.000380832701921,-0.000474127475172,-0.000642948085442,2019-01-16 13:01:59.232758
37.2294158936,38.0187492371,14.4590444565,1002.1796875,0.454182233401,2.14541086996,136.50556528,-8.34157276154,-7.31519651413,16.3401508331,-0.00765190506354,0.0383612290025,0.993308365345,0.000229828059673,0.00105252745561,-0.00125372537877,2019-01-16 13:01:59.290159
37.2660903931,38.0166664124,15.5067892075,1002.18457031,0.459218217253,2.14641960352,136.440555539,-8.29162693024,-7.54398202896,16.5324172974,-0.00913291890174,0.0349621325731,1.05764424801,-0.0019079297781,-0.00444538518786,0.000273135025054,2019-01-16 13:01:59.351057
37.192741394,38.0229187012,13.5479621887,1002.18725586,0.456753372736,2.13033386769,136.369644516,-8.67053985596,-7.51971387863,16.6228351593,-0.00592405535281,0.0359333008528,0.993552088737,-7.56792724133e-05,0.00135769788176,-0.000337773468345,2019-01-16 13:01:59.408411
37.192741394,38.0229187012,13.5479621887,1002.18481445,0.450704066288,2.12769357269,136.350902476,-8.41672039032,-7.58745861053,15.9855499268,-0.00789874047041,0.0349621325731,0.996720075607,0.00267262011766,0.00105176889338,0.000273099867627,2019-01-16 13:01:59.465950
37.2294158936,38.0145835876,15.7625932693,1002.18603516,0.455230080469,2.13505182086,136.328581418,-8.37697410583,-7.27132606506,15.5380754471,-0.00493671279401,0.0381184332073,0.987703323364,-0.00190835818648,0.00349485105835,0.000578722916543,2019-01-16 13:01:59.519817
37.4127998352,38.0208320618,13.2886543274,1002.18579102,0.457413713291,2.12913004685,136.319497267,-8.30901908875,-7.23498439789,15.6499624252,-0.00641772663221,0.0364188887179,0.990384042263,-0.00251898914576,0.000141437165439,0.00149490311742,2019-01-16 13:01:59.577302
37.4127998352,38.0125007629,13.2886543274,1002.19384766,0.403009762448,2.12291222683,136.307995228,-7.77610778809,-7.16319894791,15.4818868637,-0.00913291890174,0.0366616807878,0.994283139706,0.00297859311104,-0.000774625921622,-0.000948547036387,2019-01-16 13:01:59.633779
37.2294158936,38.0145835876,15.9378013611,1002.19335938,0.407095816397,2.12508572109,136.21817824,-8.2040977478,-7.15936565399,15.5630092621,-0.00765190506354,0.0388468131423,0.991602480412,0.00236742198467,0.00319566810504,0.00118931266479,2019-01-16 13:01:59.687711
37.247756958,38.0125007629,14.2172574997,1002.20483398,0.4151068012,2.12786496775,136.246045412,-8.40246486664,-7.48404932022,15.9719438553,-0.00740506965667,0.0339909605682,0.990140318871,-0.00465601682663,-0.000164215220138,0.000883634202182,2019-01-16 13:01:59.752916
37.2110786438,38.0125007629,13.383266449,1002.20825195,0.41284881003,2.1043061512,136.230950694,-8.6002368927,-7.35497522354,16.1934757233,-0.00691139837727,0.0361760929227,0.993795692921,0.00053559243679,0.00502747576684,0.000272805569693,2019-01-16 13:01:59.810347
37.2110786438,38.0125007629,13.383266449,1002.20532227,0.422875794536,2.10708838607,136.338553494,-8.60982036591,-6.95279312134,16.3409748077,-0.00814557634294,0.0386040210724,0.996963799,0.00267267599702,-0.00199816329405,0.00149423908442,2019-01-16 13:01:59.868263
37.2294158936,38.0104179382,14.0560665131,1002.20581055,0.430847852597,2.11640412377,136.498953657,-8.74125862122,-7.18858003616,16.0251102448,-0.00468987738714,0.0337481684983,0.992089867592,-0.000380851328373,0.000744138844311,0.000577901024371,2019-01-16 13:01:59.943420
37.2844314575,38.0125007629,12.7490139008,1002.20874023,0.50285688283,2.09995980301,136.585314569,-8.64350795746,-7.27560281754,15.9711046219,-0.00839241221547,0.0388468131423,0.997207462788,0.000534471124411,0.00227038469166,-0.00064384425059,2019-01-16 13:02:00.018576
37.2844314575,38.0104179382,13.9964952469,1002.21362305,0.510751087406,2.11349147497,136.533254867,-8.15672111511,-7.30968236923,15.795170784,-0.00715823378414,0.0373900532722,0.993308365345,-0.00679555535316,-0.00108944438398,0.000883201602846,2019-01-16 13:02:00.093762
37.2660903931,38.0041656494,11.8169078827,1002.22143555,0.497327524531,2.10169958026,136.439940822,-8.09317398071,-7.26471233368,16.1086235046,-0.00543038407341,0.0330197885633,0.991358757019,-7.52434134483e-05,0.00288136629388,-0.000643847510219,2019-01-16 13:02:00.172793
37.2660903931,38.0083312988,14.087603569,1002.22583008,0.491419677704,2.09192045691,136.37703478,-7.97154903412,-7.0865354538,15.9573049545,-0.00444304151461,0.0407891534269,0.988434374332,-0.000992495566607,-0.000173774315044,0.000577791361138,2019-01-16 13:02:00.248025
37.1010475159,38.0020828247,15.7450723648,1002.21948242,0.498796868977,2.12017161342,136.324906776,-7.98717784882,-7.0364780426,16.2647857666,-0.0101202614605,0.0354477129877,0.993064701557,-0.00465691462159,-0.00201241951436,0.000272292876616,2019-01-16 13:02:00.323173
37.2294158936,38.0062484741,14.0385456085,1002.20947266,0.557920213732,2.09760338775,136.32324021,-7.9467420578,-7.01186084747,15.8509206772,-0.00888608302921,0.0356905087829,0.992333590984,0.000229723751545,-0.00079144956544,-0.00125491025392,2019-01-16 13:02:00.400743
37.2844314575,38.0062484741,12.4511604309,1002.21362305,0.554644444334,2.09780551866,136.253367375,-7.96733999252,-7.16332530975,15.5263395309,-0.008639248088,0.0332625806332,0.99745118618,-0.00129615888,0.00134715274908,0.00149358389899,2019-01-16 13:02:00.476094
37.2844314575,38.0083312988,12.4511604309,1002.21069336,0.54038380976,2.07778794175,136.236387525,-8.22390651703,-6.90689992905,15.7846040726,-0.00814557634294,0.0330197885633,0.996232748032,-0.00129526108503,-0.00231772172265,0.000577117549255,2019-01-16 13:02:00.549565
37.192741394,38.0,13.7932548523,1002.2097168,0.527691664095,2.07459845685,136.382184743,-8.32459640503,-7.04126691818,16.2612457275,-0.00987342558801,0.0383612290025,0.988190710545,0.00328502431512,0.00287348707207,-0.00094982876908,2019-01-16 13:02:00.624851
37.2660903931,38.0020828247,17.1327209473,1002.20654297,0.532313567729,2.08707358392,136.370628063,-8.11657524109,-7.07433128357,16.605846405,-0.00444304151461,0.0344765484333,0.995501637459,-0.00312757119536,0.00195139809512,0.00118790310808,2019-01-16 13:02:00.700053
37.2110786438,38.0125007629,14.1226453781,1002.20483398,0.592437908724,2.07915205859,136.3690981,-8.06271457672,-7.18186330795,16.6871299744,-0.0116012757644,0.0356905087829,0.991602480412,0.00175865739584,-0.0020197276026,-0.000644681276754,2019-01-16 13:02:00.775350
37.321105957,38.0104179382,16.2742004395,1002.20214844,0.584865843616,2.08248134892,136.305126549,-8.08320713043,-7.22074079514,16.1292133331,-0.0029620276764,0.0371472612023,0.995014250278,-0.000989723950624,0.0028672569897,-3.40356491506e-05,2019-01-16 13:02:00.850387
37.2844314575,38.0083312988,16.27069664,1002.18896484,0.575718726214,2.08312402704,136.235376657,-8.02509307861,-7.07517814636,15.8955793381,-0.00913291890174,0.0347193405032,0.991358757019,-0.000379037111998,-0.000798128312454,0.000882299151272,2019-01-16 13:02:00.929230
37.2660903931,38.0125007629,11.1125717163,1002.19116211,0.559886667883,2.07399910775,136.197455447,-8.14544677734,-7.38587903976,16.1833534241,-0.0096265906468,0.0373900532722,0.996476471424,0.00114758685231,0.00133939855732,-0.000644878018647,2019-01-16 13:02:01.004382
37.2844314575,38.0125007629,14.1681995392,1002.18457031,0.559921992767,2.08118873562,136.13330631,-7.99857378006,-7.28873872757,16.1472091675,-0.00987342558801,0.0344765484333,0.989896595478,-7.3965638876e-05,0.000422932673246,0.000271251425147,2019-01-16 13:02:01.080966
37.321105957,38.0145835876,15.3280773163,1002.18505859,0.54667345349,2.07838430264,136.092980873,-8.02225399017,-6.97566318512,15.7749376297,-0.0096265906468,0.0376328490674,0.994770526886,0.00267487764359,-0.00293699395843,0.000881974352524,2019-01-16 13:02:01.156061
37.321105957,38.0187492371,16.9434947968,1002.18603516,0.544918361677,2.09010832235,136.093144798,-8.1895647049,-6.97575616837,15.770149231,-0.00789874047041,0.0344765484333,0.984291553497,-0.00221158191562,0.00103325699456,-0.000645253807306,2019-01-16 13:02:01.231057
37.3394470215,38.0125007629,13.533946991,1002.18188477,0.538355723824,2.08565141047,136.21599258,-8.99878883362,-6.68974351883,15.5766830444,-0.00987342558801,0.0378756411374,0.992577254772,0.000841587781906,-0.00232702866197,0.000576513586566,2019-01-16 13:02:01.306179
37.2110786438,38.0083312988,14.6062192917,1002.17895508,0.542066544256,2.10216168524,136.532612829,-8.74599838257,-7.03450775146,16.3424682617,-0.00888608302921,0.0383612290025,0.988434374332,-0.00282319262624,0.00225393427536,0.000576396705583,2019-01-16 13:02:01.381262
37.2110786438,38.0083312988,11.2247047424,1002.17993164,0.530169688743,2.09936771099,136.583074267,-8.35371303558,-7.37563323975,17.0054264069,-0.00765190506354,0.0339909605682,0.993795692921,0.000231776386499,0.00072696316056,-0.00156133749988,2019-01-16 13:02:01.456325
37.2110786438,38.0104179382,12.5177402496,1002.17651367,0.524349033549,2.09550609278,136.51387079,-8.04924106598,-7.2988114357,16.3443508148,-0.00888608302921,0.0376328490674,0.988921821117,0.00114632770419,0.00225313799456,0.000881955260411,2019-01-16 13:02:01.531298
37.2110786438,38.0145835876,12.5177402496,1002.17773438,0.527503300285,2.12112762647,136.378564743,-8.13846492767,-7.29729747772,16.3378562927,-0.0096265906468,0.0342337526381,0.992333590984,-0.00954176485538,-0.00507002091035,-3.44850122929e-05,2019-01-16 13:02:01.608586
37.2660903931,38.0104179382,12.4336395264,1002.18579102,0.427672454963,2.07290435649,136.397907838,-8.46624565125,-7.28414344788,15.9423923492,-0.00617089122534,0.0305918641388,0.991602480412,0.0173352025449,0.0120330099016,-0.000645390246063,2019-01-16 13:02:01.683804
37.1744003296,38.0187492371,13.1625061035,1002.17578125,0.459558926299,2.10777353942,136.402470405,-8.42931842804,-7.41027545929,15.839053154,-0.00814557634294,0.0454022139311,0.99745118618,-0.00648949295282,-0.0783690288663,-3.45907174051e-05,2019-01-16 13:02:01.760149
37.3394470215,38.0250015259,16.3372764587,1002.1809082,0.380268834369,2.10568414187,136.332092135,-8.14800930023,-7.36197566986,16.2734241486,-0.00518354866654,0.0281639378518,0.994770526886,-0.00495799258351,-0.00292570050806,0.000270545482635,2019-01-16 13:02:01.835330
37.2660903931,38.0187492371,14.2908449173,1002.18359375,0.367065625136,2.05406712165,136.263120885,-7.80186080933,-7.3281993866,16.2814388275,-0.0130822891369,0.0390896052122,0.993552088737,0.0148891955614,0.00562323909253,0.000270582735538,2019-01-16 13:02:01.910822
37.3394470215,38.0187492371,14.2452907562,1002.18432617,0.414961126072,2.13230843269,136.083186382,-7.95365619659,-7.34291505814,15.6900653839,-0.00765190506354,0.0400607734919,0.995989024639,-0.0147349201143,-0.0056767584756,0.000270414631814,2019-01-16 13:02:01.986125
37.3394470215,38.0166664124,12.0621986389,1002.18847656,0.398614162191,2.08119279105,135.971239581,-8.12177753448,-7.64641904831,15.9161109924,-0.00444304151461,0.029377900064,0.994770526886,0.00970065966249,0.0053189015016,-0.00034061842598,2019-01-16 13:02:02.061297
37.2110786438,38.0229187012,14.1471748352,1002.18823242,0.405866062181,2.08253556355,135.974395129,-8.58190727234,-7.40443229675,16.0833625793,-0.0101202614605,0.0458877943456,0.995257914066,-0.000992640852928,-0.00476105883718,0.000270078890026,2019-01-16 13:02:02.140444
37.1744003296,38.0166664124,13.8843631744,1002.1940918,0.310562111495,2.11760068753,136.005458829,-8.78174209595,-7.4580488205,16.3172264099,-0.0039493702352,0.0298634879291,0.989896595478,-0.0116784200072,-0.000782676041126,-0.000951844849624,2019-01-16 13:02:02.215605
37.2110786438,38.0208320618,16.0394210815,1002.1875,0.299810219803,2.04741857282,136.081041702,-8.50762557983,-7.57262325287,16.2909984589,-0.00543038407341,0.0378756411374,0.998426020145,0.0145856775343,0.0111275343224,-0.000646477332339,2019-01-16 13:02:02.290805
37.247756958,38.0291671753,12.3600521088,1002.18823242,0.34386000407,2.11399541487,135.997576791,-8.15555763245,-7.7469420433,16.4586486816,-0.00913291890174,0.0437026619911,0.991115033627,-0.0150414444506,-0.00719841569662,0.000880440929905,2019-01-16 13:02:02.365994
37.192741394,38.0270843506,12.507226944,1002.18823242,0.340903305892,2.10379644833,135.861615045,-8.26461982727,-7.46162319183,16.2561378479,-0.00345569918863,0.0291351098567,0.993795692921,-0.0016001239419,0.000743532320485,0.00118583440781,2019-01-16 13:02:02.441120
37.2844314575,38.0208320618,13.1800251007,1002.19091797,0.346846237481,2.08187751751,135.856096252,-8.0578584671,-7.31296920776,16.2009620667,-0.00740506965667,0.0412747375667,0.988190710545,0.010613180697,0.00532297510654,0.000269548501819,2019-01-16 13:02:02.518019
37.192741394,38.0229187012,15.6049060822,1002.19213867,0.373031341809,2.1510643456,135.82064757,-8.17162895203,-7.07595872879,16.7623271942,-0.00715823378414,0.0366616807878,0.995257914066,-0.00923857837915,-0.0044438294135,0.00088009191677,2019-01-16 13:02:02.595163
37.302772522,38.0270843506,14.0665788651,1002.18847656,0.294266053868,2.10742776109,135.900246595,-8.52141666412,-7.05041599274,16.7238731384,-0.00592405535281,0.0296206939965,0.993064701557,0.00542305782437,0.0053295828402,-3.62191349268e-05,2019-01-16 13:02:02.671350
37.302772522,38.0229187012,7.17389297485,1002.18847656,0.311806619987,2.10300329262,136.071397475,-8.58041095734,-6.90827703476,16.7968654633,-0.0125886183232,0.0403035692871,0.991846144199,0.00755815953016,0.00593850342557,0.000574709614739,2019-01-16 13:02:02.732318
37.302772522,38.0270843506,7.17389297485,1002.19018555,0.353488889933,2.14387044885,136.209230693,-8.28691959381,-7.01425027847,16.8646240234,-0.00789874047041,0.0383612290025,0.992089867592,-0.0119874514639,-0.00261301407591,0.000269084004685,2019-01-16 13:02:02.788742
37.2660903931,38.0270843506,14.6973276138,1002.19970703,0.345132740453,2.1125023782,136.227658543,-8.26218700409,-7.07049036026,16.9273700714,-0.00468987738714,0.0315630324185,0.993308365345,0.00175827741623,0.00288483058102,0.000574400415644,2019-01-16 13:02:02.846175
37.2660903931,38.03125,14.2698202133,1002.20507812,0.345323212018,2.09425040519,136.308268436,-8.41571998596,-7.11084270477,16.5170021057,-0.00518354866654,0.0390896052122,0.991602480412,0.00816995278001,0.00502155534923,-3.66065651178e-05,2019-01-16 13:02:02.900046
37.2660903931,38.0333328247,14.2698202133,1002.203125,0.363015056154,2.12165867367,136.353115458,-8.15894031525,-6.99021863937,16.6068763733,-0.0145633034408,0.0393323935568,0.935795903206,-0.00221535935998,-0.00139306567144,0.00149058829993,2019-01-16 13:02:02.966893
37.2844314575,38.0354156494,14.3083658218,1002.20288086,0.37761736027,2.1199133469,136.349058325,-8.4219121933,-6.99239063263,16.1766452789,-0.00814557634294,0.0322914123535,0.995989024639,0.000840812921524,0.000440280418843,0.00118480878882,2019-01-16 13:02:03.024264
37.302772522,38.0291671753,14.3153743744,1002.19946289,0.371052561301,2.10459003094,136.566435926,-8.6009054184,-6.69625806808,16.4882221222,-0.0101202614605,0.0366616807878,0.995501637459,0.00694766640663,0.00257733976468,-0.000647620530799,2019-01-16 13:02:03.081693
37.2660903931,38.0250015259,14.0035037994,1002.19018555,0.382712814793,2.12545369753,136.72183639,-8.45336532593,-6.92352676392,16.3599758148,-0.0096265906468,0.0373900532722,0.994770526886,-0.00588006526232,0.000133705558255,-3.67942266166e-05,2019-01-16 13:02:03.135536
37.2660903931,38.0270843506,14.0035037994,1002.18701172,0.391783439412,2.1111256682,136.801817905,-8.54130077362,-6.92467212677,16.2699546814,-0.0032088633161,0.0347193405032,0.992577254772,-0.00129703804851,0.00227240775712,0.000573801109567,2019-01-16 13:02:03.202422
37.247756958,38.0291671753,13.6075344086,1002.1796875,0.384541838067,2.09521324842,136.946016859,-8.62895488739,-6.9486079216,16.7701187134,-0.0103670973331,0.0388468131423,0.991358757019,0.00603065267205,0.00196554418653,0.00148995732889,2019-01-16 13:02:03.259865
37.302772522,38.0291671753,14.0735874176,1002.18164062,0.40297171616,2.12789250195,137.005125316,-8.51180744171,-7.24500751495,16.2760906219,-0.00715823378414,0.0393323935568,0.991602480412,-0.00649095699191,-0.000477858819067,0.00118425535038,2019-01-16 13:02:03.317258
37.302772522,38.0333328247,14.0735874176,1002.17895508,0.404088131924,2.1129527438,136.922698593,-8.26887130737,-7.64479827881,16.5798034668,-0.00691139837727,0.0330197885633,0.993795692921,0.000230100005865,-0.000477313296869,0.000267893075943,2019-01-16 13:02:03.377082
37.192741394,38.0354156494,13.6811218262,1002.17822266,0.402525059141,2.09270763622,136.866021683,-8.28219223022,-7.08494758606,16.3886737823,-0.008639248088,0.0393323935568,0.988921821117,0.00847429409623,0.00410238560289,0.000573312630877,2019-01-16 13:02:03.452377
37.247756958,38.0270843506,11.8309230804,1002.17578125,0.429492380212,2.13231120746,136.806462434,-8.19002914429,-7.05318975449,16.5928440094,-0.00617089122534,0.0376328490674,0.993064701557,-0.0101551450789,-0.00261658616364,0.000267764320597,2019-01-16 13:02:03.527539
37.2110786438,38.0374984741,11.438457489,1002.17675781,0.424034472095,2.09794916607,136.842881002,-8.49313640594,-6.92384815216,16.552274704,-0.00370253482834,0.0322914123535,0.991602480412,0.00389506295323,0.00440172478557,-3.78349795938e-05,2019-01-16 13:02:03.602833
37.1193847656,38.0291671753,14.1787118912,1002.17773438,0.493669104457,2.10416036935,137.015780411,-8.63459873199,-6.64610099792,15.972117424,-0.0103670973331,0.0424887016416,0.994770526886,-0.000688295811415,-0.000180756673217,0.00179454241879,2019-01-16 13:02:03.678131
37.2110786438,38.0250015259,14.5186157227,1002.17895508,0.398568485301,2.12162623027,137.215959595,-8.47192287445,-6.55893611908,15.9071235657,-0.00493671279401,0.0337481684983,0.993308365345,-0.00526741892099,-0.000180004164577,0.000267340801656,2019-01-16 13:02:03.753574
37.2294158936,38.0333328247,12.2268943787,1002.1784668,0.461168129539,2.08946500391,137.355964813,-8.08499717712,-6.59603404999,16.0193443298,-0.00765190506354,0.0356905087829,0.994526803493,0.00542136281729,0.0059274258092,-3.80021519959e-05,2019-01-16 13:02:03.828780
37.2294158936,38.0395812988,14.2558031082,1002.17700195,0.477855829147,2.11338240539,137.326198848,-7.86613559723,-6.90444660187,15.9693899155,-0.00789874047041,0.0393323935568,0.991602480412,-0.00496372953057,-0.00231937388889,-3.80408018827e-05,2019-01-16 13:02:03.904158
37.2660903931,38.0374984741,14.6903190613,1002.17822266,0.470744481643,2.11063688279,137.200414085,-8.08539199829,-7.09361314774,16.0988426208,-0.00518354866654,0.0337481684983,0.996963799,-0.00068623945117,0.00104106171057,-0.000343511812389,2019-01-16 13:02:03.979323
37.2660903931,38.0416679382,14.855014801,1002.17529297,0.458908670946,2.08875829277,137.196425254,-8.28860378265,-6.82988882065,15.7798871994,-0.00740506965667,0.0371472612023,0.993795692921,0.00328325480223,0.00287287170067,0.000572747318074,2019-01-16 13:02:04.054588
37.302772522,38.0374984741,14.2172574997,1002.17578125,0.470182271697,2.10580879282,137.254850692,-8.39602565765,-6.89226770401,15.8866271973,-0.00789874047041,0.0373900532722,0.991358757019,-0.00465742871165,-0.00201391242445,-3.8284342736e-05,2019-01-16 13:02:04.133506
37.3394470215,38.0333328247,12.5212440491,1002.17553711,0.461214126595,2.09326194876,137.311677866,-8.31479549408,-7.08966255188,16.1227493286,-0.00543038407341,0.0373900532722,0.989165484905,0.00206223875284,0.00348298624158,0.00057233707048,2019-01-16 13:02:04.208829
37.3394470215,38.0416679382,12.5212440491,1002.17822266,0.469833291719,2.10109318753,137.204006764,-8.03144454956,-7.27439546585,16.3002262115,-0.00543038407341,0.0388468131423,0.993552088737,-0.00343560054898,-0.000182067044079,0.000266711926088,2019-01-16 13:02:04.282345
37.376121521,38.03125,12.9452476501,1002.17822266,0.464541922824,2.09394005847,137.052103357,-7.99327135086,-7.30298471451,16.2409858704,-0.00518354866654,0.0381184332073,0.992820978165,-0.00129793211818,-0.00109840650111,-0.000649444758892,2019-01-16 13:02:04.357624
37.2844314575,38.0437507629,11.9150238037,1002.18505859,0.463596795398,2.09806314486,136.882359496,-8.12628269196,-6.96777820587,16.4912128448,-0.00543038407341,0.0388468131423,0.993795692921,0.00145091488957,-0.000182252842933,-0.000344153260812,2019-01-16 13:02:04.432749
37.302772522,38.0437507629,14.0560665131,1002.19287109,0.455759847016,2.0937754936,136.871458514,-8.24267482758,-7.16476583481,16.6913356781,-0.00468987738714,0.0347193405032,0.994526803493,-0.000991679728031,0.00378815014847,0.00118284323253,2019-01-16 13:02:04.511804
37.302772522,38.0416679382,14.4380197525,1002.19189453,0.46475627337,2.09223336496,136.805178358,-8.26996803284,-7.32865619659,16.4693031311,-0.00641772663221,0.039575189352,0.993552088737,-0.00557388737798,0.000733346678317,0.000877269543707,2019-01-16 13:02:04.587042
37.302772522,38.0395812988,12.1533069611,1002.19287109,0.45569314595,2.08955187538,136.765112468,-8.2925863266,-7.0658493042,15.9937849045,-0.002468356397,0.0344765484333,0.993064701557,-0.00343432277441,0.00257311202586,-0.000344421947375,2019-01-16 13:02:04.662308
37.247756958,38.0458335876,13.8353042603,1002.19482422,0.383598391507,2.07941544776,136.796299112,-8.42852973938,-6.99310731888,15.9004449844,-0.0103670973331,0.0364188887179,0.993064701557,0.00358893722296,0.000433987937868,-0.000649712979794,2019-01-16 13:02:04.737615
37.302772522,38.0416679382,13.8423118591,1002.19140625,0.397638192192,2.10623781407,136.862852475,-8.38357925415,-7.02389526367,16.2141151428,-0.00666456250474,0.0386040210724,0.990384042263,-0.00465810671449,0.000433457084,0.000266418093815,2019-01-16 13:02:04.812878
37.247756958,38.0416679382,12.3144989014,1002.19262695,0.404148322966,2.1031398964,136.875720552,-8.1763086319,-6.75227212906,16.1780033112,-0.00518354866654,0.0330197885633,0.991358757019,0.00236769393086,0.00287051103078,0.000571735668927,2019-01-16 13:02:04.888373
37.321105957,38.0499992371,15.3315811157,1002.19165039,0.472933130385,2.09363590161,136.958980558,-8.06492805481,-6.86734867096,16.2173538208,-0.008639248088,0.039575189352,0.995257914066,0.00694697350264,0.00134220370091,-0.00065008411184,2019-01-16 13:02:04.963760
37.2294158936,38.0479164124,14.2487955093,1002.1862793,0.484273058676,2.12111652741,136.898082591,-8.19965362549,-7.3673286438,16.2274990082,-0.00617089122534,0.0344765484333,0.993308365345,-0.00587857887149,-0.00110073341057,0.00118226814084,2019-01-16 13:02:05.038899
37.302772522,38.0479164124,15.8607091904,1002.18310547,0.473568124534,2.08077572262,136.801353452,-8.24014854431,-7.38348865509,15.9462442398,-0.00543038407341,0.0359333008528,0.993308365345,0.00481035560369,0.00286908005364,-3.93723603338e-05,2019-01-16 13:02:05.116030
37.321105957,38.0458335876,15.3070516586,1002.18847656,0.477104881864,2.10045541861,136.713571861,-8.25115203857,-7.12144088745,15.8880796432,-0.0096265906468,0.0393323935568,0.989409208298,-0.00252087041736,0.00134100392461,-0.000955605763011,2019-01-16 13:02:05.191250
37.2844314575,38.0499992371,14.077091217,1002.18945312,0.48173190814,2.10765379767,136.65214114,-7.90099716187,-7.06275558472,15.6591186523,-0.00641772663221,0.0315630324185,0.993552088737,-0.00160213932395,0.00133518967777,-0.000650082714856,2019-01-16 13:02:05.266488
37.2844314575,38.0562515259,14.077091217,1002.1875,0.537487382665,2.07612393691,136.606843325,-7.90443086624,-7.12236595154,16.6306762695,-0.00444304151461,0.0390896052122,0.991602480412,0.0103071928024,0.00805374514312,-0.000955605064519,2019-01-16 13:02:05.340775
37.3394470215,38.0520820618,14.4730615616,1002.18334961,0.544200498123,2.12096882457,136.474119089,-7.94167995453,-7.16991662979,16.1279964447,-0.00740506965667,0.0364188887179,0.992089867592,-0.0104609429836,-0.00629456806928,0.00148753542453,2019-01-16 13:02:05.418901
37.376121521,38.0520820618,16.6911964417,1002.18286133,0.431789138042,2.08530413804,136.405940141,-8.19828987122,-7.29059314728,16.347858429,-0.00740506965667,0.0305918641388,0.992089867592,0.0109193436801,0.00653356127441,-0.000650530681014,2019-01-16 13:02:05.494066
37.376121521,38.0541687012,14.2487955093,1002.17749023,0.442221264823,2.0970249561,136.400585272,-8.46723461151,-7.22182655334,16.6415348053,-0.00814557634294,0.0432170778513,0.995014250278,-0.00313155353069,-0.000492378138006,0.000876620179042,2019-01-16 13:02:05.569177
37.247756958,38.0479164124,13.512922287,1002.17651367,0.448582812303,2.10279454496,136.403453952,-8.34683227539,-7.1140422821,16.9606285095,-0.00419620610774,0.0325342081487,0.992577254772,-0.00343439355493,0.000424726633355,-0.00095606490504,2019-01-16 13:02:05.644243
37.302772522,38.0458335876,13.3447208405,1002.18212891,0.438072778676,2.06818981842,136.442304068,-8.04176616669,-7.00987911224,16.2445697784,-0.00765190506354,0.0383612290025,0.995745360851,0.00297784805298,0.00195095152594,-0.000345083419234,2019-01-16 13:02:05.719451
37.1010475159,38.0437507629,13.3377132416,1002.18286133,0.447590300439,2.09463289579,136.443533502,-8.31337451935,-6.81015110016,16.1528701782,-0.00888608302921,0.0376328490674,0.995257914066,-0.00404630601406,-0.000492395134643,0.000876788748428,2019-01-16 13:02:05.795597
37.2844314575,38.0541687012,13.4603595734,1002.18212891,0.451344716687,2.07718005491,136.565028907,-8.18861675262,-6.86217164993,16.150308609,-0.00913291890174,0.0344765484333,0.998669683933,0.0069493688643,-0.000492512015626,0.000265885610133,2019-01-16 13:02:05.870735
37.2844314575,38.0520820618,15.2509851456,1002.18847656,0.448737558776,2.08264185837,136.599903853,-8.35428714752,-7.22102212906,16.7685050964,-0.00765190506354,0.0381184332073,0.995745360851,-0.00251957774162,-0.00171446183231,0.000265796435997,2019-01-16 13:02:05.949523
37.2110786438,38.0541687012,13.341217041,1002.18139648,0.448140023945,2.08412891862,136.591980833,-8.45422458649,-7.18499660492,16.2411975861,-0.00617089122534,0.0335053727031,0.992577254772,0.00328425690532,0.00286673125811,0.000876495381817,2019-01-16 13:02:06.024613
37.2660903931,38.0458335876,12.3355236053,1002.18725586,0.453716873403,2.08304185132,136.63483344,-8.44845199585,-7.20318746567,16.62840271,-0.00468987738714,0.0393323935568,0.993552088737,-0.00648964568973,0.00195008562878,0.000571024836972,2019-01-16 13:02:06.099686
37.321105957,38.0583343506,14.2207622528,1002.17529297,0.352329145157,2.08027391716,136.620913515,-8.52168464661,-7.22057962418,16.857208252,-0.00518354866654,0.0327770002186,0.991358757019,-0.00526637583971,0.00531652756035,-3.99297568947e-05,2019-01-16 13:02:06.176815
37.2660903931,38.0583343506,14.9531316757,1002.18212891,0.358350170353,2.06862502953,136.67488567,-8.37686061859,-6.884724617,16.8370037079,-0.0096265906468,0.0386040210724,0.990140318871,0.00297853350639,0.00317745679058,0.000265490496531,2019-01-16 13:02:06.238934
37.2660903931,38.0520820618,14.9531316757,1002.18725586,0.377102187915,2.0928653709,136.740933599,-8.09343147278,-7.00300884247,16.5076961517,-0.00666456250474,0.0369044728577,0.991846144199,-0.000991608947515,-0.000792797887698,-3.99029813707e-05,2019-01-16 13:02:06.295419
37.2660903931,38.0541687012,13.4708709717,1002.19018555,0.368447724587,2.08167517316,136.687070727,-8.10469722748,-7.12898445129,16.2372436523,-0.00641772663221,0.0322914123535,0.995745360851,0.00389654189348,0.00348314014263,0.000570898875594,2019-01-16 13:02:06.352799
37.2844314575,38.0499992371,14.1927289963,1002.19677734,0.375316573695,2.07039191409,136.684338651,-8.0131778717,-6.66956663132,16.1009368896,-0.00839241221547,0.0390896052122,0.993552088737,0.000535521656275,-0.000182631891221,-0.000650946283713,2019-01-16 13:02:06.407157
37.2844314575,38.0604171753,13.9964952469,1002.19897461,0.386102562972,2.08909852157,136.811407491,-8.758228302,-6.76583385468,16.1795444489,-0.0111076040193,0.0376328490674,0.993064701557,0.000229932367802,-0.00262659601867,-4.0119048208e-05,2019-01-16 13:02:06.471695
37.2844314575,38.0541687012,13.9964952469,1002.19726562,0.397064029415,2.08699140821,137.043360715,-8.38018226624,-6.43324232101,15.9099798203,-0.00641772663221,0.0330197885633,0.991115033627,-0.000684931874275,-0.00232043466531,0.000875987112522,2019-01-16 13:02:06.531598
37.2844314575,38.0520820618,14.6062192917,1002.20239258,0.38680252396,2.065498297,137.224920803,-8.10042285919,-6.5475320816,15.7924852371,-0.0108607681468,0.0371472612023,0.993064701557,0.00542154163122,0.0019546567928,0.00057059363462,2019-01-16 13:02:06.599540
37.247756958,38.0562515259,14.1261491776,1002.20556641,0.407525691428,2.0964142945,137.247747296,-7.8423075676,-6.69755458832,15.7160196304,-0.00641772663221,0.0371472612023,0.990627706051,-0.00282421335578,-0.000183053314686,-0.000956504489295,2019-01-16 13:02:06.657423
37.2660903931,38.0541687012,15.3385896683,1002.20166016,0.405354331602,2.08847761469,137.268634014,-8.70666599274,-6.63859462738,16.649312973,-0.00567721994594,0.0325342081487,0.988678097725,0.00084151700139,0.0019486725796,0.000570543808863,2019-01-16 13:02:06.714873
37.2660903931,38.0583343506,15.3385896683,1002.20043945,0.452368818176,2.07952195602,137.37283538,-8.15583229065,-7.01580524445,16.4825325012,-0.00740506965667,0.0383612290025,0.989896595478,0.00908578559756,0.00286344299093,-0.000651147449389,2019-01-16 13:02:06.767856
37.302772522,38.0583343506,14.0700826645,1002.203125,0.465109789021,2.10708881296,137.27859243,-8.01712226868,-6.97476196289,16.5812397003,-0.00839241221547,0.0383612290025,0.996720075607,-0.00374223291874,-0.00416157115251,0.00118138501421,2019-01-16 13:02:06.825249
37.2294158936,38.0604171753,14.087603569,1002.20263672,0.456341640396,2.10637036243,137.198720198,-8.07260799408,-6.91947174072,16.7616863251,-0.00740506965667,0.0337481684983,0.99745118618,0.00175650045276,0.0016417123843,-0.000651171663776,2019-01-16 13:02:06.882680
37.2294158936,38.0520820618,14.087603569,1002.20068359,0.457348773133,2.0930256669,137.178366234,-8.15697860718,-7.12766695023,16.0281677246,-0.00666456250474,0.0378756411374,0.994283139706,0.00267138704658,0.000724221579731,0.00087597919628,2019-01-16 13:02:06.950053
37.3577842712,38.0562515259,14.5116071701,1002.19897461,0.466919308903,2.11800110737,137.05039581,-8.34445285797,-7.3737950325,15.8877544403,-0.00789874047041,0.0352049209177,0.989896595478,-0.00710122659802,-0.00110818143003,-0.00156746793073,2019-01-16 13:02:07.027511
37.2844314575,38.0604171753,14.6657905579,1002.19897461,0.462945045941,2.09861105409,136.950716029,-8.25635910034,-7.48497724533,16.2330265045,-0.0103670973331,0.0337481684983,0.993795692921,0.00358850881457,0.00102924392559,0.000875929603353,2019-01-16 13:02:07.108252
37.3394470215,38.0541687012,10.7796764374,1002.20605469,0.462303488406,2.10706213253,136.90851912,-8.69942474365,-7.2069272995,16.256521225,-0.008639248088,0.0371472612023,0.992089867592,0.000838588923216,0.00133425393142,0.000876020174474,2019-01-16 13:02:07.183541
37.247756958,38.0562515259,12.5457725525,1002.20385742,0.470743734591,2.11460287482,136.897836704,-8.10182380676,-7.30933713913,15.6550483704,-0.0039493702352,0.0327770002186,0.991115033627,-0.00251919031143,0.000113332411274,-0.000345773529261,2019-01-16 13:02:07.258613
37.302772522,38.0604171753,15.7731056213,1002.20532227,0.454552771163,2.08467191866,136.722847258,-7.68550729752,-7.4195895195,15.8108596802,-0.00839241221547,0.0378756411374,0.992577254772,0.00572551041842,0.00469383411109,-0.000651141395792,2019-01-16 13:02:07.334161
37.2844314575,38.0604171753,14.1997365952,1002.2121582,0.46691850849,2.11762096466,136.442358709,-7.86212778091,-7.43171405792,15.933971405,-0.008639248088,0.0371472612023,0.990627706051,-0.00313128903508,0.000112640438601,-4.02368605137e-05,2019-01-16 13:02:07.410828
37.1744003296,38.0583343506,11.5996494293,1002.21142578,0.455825694309,2.10241290814,136.292927831,-7.88296604156,-7.42361307144,15.9636325836,-0.00518354866654,0.0332625806332,0.992333590984,0.00542043894529,0.00408304668963,-4.01972793043e-05,2019-01-16 13:02:07.488592
37.247756958,38.0583343506,13.3342094421,1002.20898438,0.457211155493,2.11033101838,136.222016807,-8.1761674881,-7.36394882202,16.2486190796,-0.00765190506354,0.0386040210724,0.994039416313,0.00572476908565,0.00469323247671,0.000265223206952,2019-01-16 13:02:07.565457
37.192741394,38.0583343506,14.5326318741,1002.20849609,0.460962370091,2.1212723411,136.137937178,-8.05861091614,-7.07573032379,16.0556716919,-0.00468987738714,0.0335053727031,0.993064701557,0.000534750521183,0.0043883016333,-0.000345525797457,2019-01-16 13:02:07.646278
37.247756958,38.0562515259,13.2571182251,1002.20483398,0.45424978824,2.09456651489,136.158263821,-7.95305538177,-6.99824523926,16.0685539246,-0.0101202614605,0.0352049209177,0.995989024639,0.00358736142516,0.00194380199537,0.00118154846132,2019-01-16 13:02:07.722963
37.2294158936,38.0562515259,13.9614543915,1002.21362305,0.464790851203,2.1185799659,136.089101326,-7.8240032196,-7.31625699997,16.2488613129,-0.00987342558801,0.0364188887179,0.989165484905,-0.00496352091432,-0.002637647558,-0.000345626845956,2019-01-16 13:02:07.798291
37.2844314575,38.0604171753,16.2391586304,1002.20800781,0.455199184535,2.09086732712,135.984872639,-8.0658493042,-6.79967308044,16.4445724487,-0.00543038407341,0.0352049209177,0.994283139706,0.00450496375561,0.00438706018031,-0.000345664331689,2019-01-16 13:02:07.878237
37.2110786438,38.0499992371,13.0643882751,1002.20483398,0.454421503465,2.10701154644,136.105275213,-8.24779129028,-6.89353322983,16.1619987488,-0.00814557634294,0.0361760929227,0.991115033627,-0.00374189391732,-0.00233236677013,-4.04748134315e-05,2019-01-16 13:02:07.960417
37.2294158936,38.0562515259,12.9627685547,1002.21142578,0.451785423971,2.09690158581,136.200733937,-8.18081092834,-6.91497850418,15.7334766388,-0.00617089122534,0.0347193405032,0.988434374332,0.00358845293522,0.00591360265389,-0.000345874810591,2019-01-16 13:02:08.042719
37.2294158936,38.0562515259,11.3788871765,1002.22045898,0.4512779089,2.10461073495,136.286862623,-8.29369544983,-6.96632766724,16.3431034088,-0.008639248088,0.0373900532722,0.994283139706,-0.0012992657721,-0.00111179566011,0.00148650328629,2019-01-16 13:02:08.120739
37.247756958,38.0541687012,16.8523864746,1002.21972656,0.458380078337,2.10763416087,136.385271988,-8.61605834961,-6.89316225052,16.7746772766,-0.00468987738714,0.0349621325731,0.988190710545,0.000534232705832,0.0034699391108,-0.000346001703292,2019-01-16 13:02:08.196065
37.247756958,38.0562515259,16.5265007019,1002.21313477,0.450790937756,2.09596926499,136.555084151,-8.65145015717,-7.03526639938,16.2803478241,-0.00617089122534,0.0386040210724,0.990627706051,0.00572608783841,0.00377468578517,0.000875684199855,2019-01-16 13:02:08.278325
37.2844314575,38.0625,14.6657905579,1002.20776367,0.451942731766,2.1146146142,136.679297972,-8.64234352112,-6.80566072464,16.1428909302,-0.00691139837727,0.0364188887179,0.991358757019,-0.00649009272456,-0.000806557945907,0.00087562086992,2019-01-16 13:02:08.355538
37.3394470215,38.0520820618,13.3271999359,1002.20019531,0.449857176191,2.09726721437,136.784510206,-8.39493751526,-7.37271308899,16.4659404755,-0.00666456250474,0.0376328490674,0.990871429443,-0.00221433863044,0.00163684017025,0.000569868367165,2019-01-16 13:02:08.438137
37.3944625854,38.0437507629,13.0573806763,1002.20239258,0.448027112381,2.0964177096,136.721167031,-8.16321468353,-7.0214138031,16.1361045837,-0.0096265906468,0.0356905087829,0.997207462788,-0.00343525037169,-0.00294435210526,-0.000346338376403,2019-01-16 13:02:08.516293
37.3577842712,38.0499992371,11.1826534271,1002.19750977,0.442219850761,2.08767186581,136.743242203,-8.42041969299,-7.05181312561,16.1076583862,-0.00740506965667,0.0378756411374,0.994039416313,0.00114582479,0.000415087444708,0.00118078733794,2019-01-16 13:02:08.599306
37.2110786438,38.0499992371,15.0512485504,1002.19628906,0.446802907694,2.09166389793,136.716809371,-8.28905487061,-7.19414567947,16.1338233948,-0.00691139837727,0.0354477129877,0.992820978165,-0.00129740685225,0.00255274539813,0.000875239726156,2019-01-16 13:02:08.676267
37.431137085,38.0562515259,14.8059568405,1002.1953125,0.455421539209,2.09176186846,136.746083561,-8.37456130981,-7.02488708496,16.3391933441,-0.00592405535281,0.0371472612023,0.992820978165,0.000840030610561,0.00255245203152,0.00148606766015,2019-01-16 13:02:08.758309
37.2660903931,38.0520820618,14.1576871872,1002.19067383,0.453050609793,2.10644613484,136.732942277,-7.8639497757,-7.29930639267,16.5072574615,-0.00567721994594,0.0378756411374,0.992577254772,-0.00374127924442,0.0025520559866,-0.000346411252394,2019-01-16 13:02:08.835268
37.2660903931,38.0562515259,14.1576871872,1002.1953125,0.458685195694,2.09280795462,136.566654492,-8.10248279572,-7.3112206459,17.1877574921,-0.00641772663221,0.0347193405032,0.992089867592,0.000229496508837,0.00194092327729,-4.1016144678e-05,2019-01-16 13:02:08.909880
37.2844314575,38.0479164124,13.7406921387,1002.18701172,0.454362059475,2.09959822987,136.445760144,-7.87365484238,-7.31932640076,17.0670967102,-0.00740506965667,0.0381184332073,0.996232748032,0.000228881835938,0.000718797557056,0.00148623762652,2019-01-16 13:02:08.984279
37.2110786438,38.0541687012,12.9347343445,1002.1809082,0.464770360636,2.10704100163,136.258148507,-7.76767444611,-7.32124137878,16.6402683258,-0.00592405535281,0.0373900532722,0.991602480412,-0.00282456725836,-0.000808299286291,-4.10142820328e-05,2019-01-16 13:02:09.059622
37.192741394,38.0562515259,15.6294345856,1002.18261719,0.454945933927,2.09159666326,136.101723515,-7.6441192627,-7.18167924881,16.7570419312,-0.00715823378414,0.0354477129877,0.991358757019,-0.00190857425332,0.00255070463754,0.00118057639338,2019-01-16 13:02:09.135437
37.247756958,38.0583343506,14.0,1002.18261719,0.461117703533,2.09859824749,135.911051954,-7.55946540833,-7.60188865662,16.8425674438,-0.0101202614605,0.0366616807878,0.990871429443,-0.00038143619895,-0.000504144933075,0.000874849501997,2019-01-16 13:02:09.211218
37.2294158936,38.0541687012,14.6237401962,1002.18652344,0.564854563287,2.09786613659,135.604868234,-7.56258487701,-7.50614643097,16.7590560913,-0.00617089122534,0.0378756411374,0.991602480412,-0.00374093651772,0.0007110578008,0.000569430878386,2019-01-16 13:02:09.287676
37.192741394,38.0499992371,15.8186597824,1002.17529297,0.454869467825,2.10040461908,135.413937126,-7.94911289215,-7.47309064865,16.7357826233,-0.0032088633161,0.0347193405032,0.990140318871,-0.00221367180347,0.00559779116884,0.00118002807721,2019-01-16 13:02:09.362758
37.1744003296,38.0499992371,14.1086292267,1002.171875,0.519123031699,2.09479553967,135.310555383,-8.00975131989,-7.47020435333,16.9983558655,-0.00666456250474,0.0376328490674,0.992333590984,0.000840600579977,0.0010165758431,-4.18166164309e-05,2019-01-16 13:02:09.440527
37.321105957,38.0541687012,14.7253608704,1002.17871094,0.508874759736,2.10211921001,135.244630397,-7.93055963516,-7.50422668457,16.4460487366,-0.00666456250474,0.0337481684983,0.991358757019,-0.00312991812825,0.00101633695886,-4.19823918492e-05,2019-01-16 13:02:09.516203
37.2110786438,38.0520820618,15.8747262955,1002.17822266,0.501081087006,2.09264445697,135.139418163,-7.89523267746,-7.59556293488,16.4062042236,-0.00987342558801,0.0376328490674,0.994039416313,-0.0034349411726,-0.00356500619091,0.000568614574149,2019-01-16 13:02:09.596662
37.2294158936,38.0499992371,13.8177833557,1002.17895508,0.500020113168,2.09599722607,135.041719137,-8.04273319244,-7.35573911667,16.5611953735,-0.00641772663221,0.039575189352,0.991602480412,-0.00435134768486,0.00254317605868,0.000263042049482,2019-01-16 13:02:09.672530
37.192741394,38.0479164124,12.6544017792,1002.17333984,0.504630490858,2.09765354695,135.007103738,-7.83553600311,-7.29445171356,16.4550151825,-0.00814557634294,0.0356905087829,0.992577254772,-0.00129633396864,-0.00173293973785,0.000568360788748,2019-01-16 13:02:09.748432
